"Year","NMFS.Name","Pounds","Dollars","nominal_revenue"
1981,"SWORDFISH",30000,98289.9403165816,40000
1981,"MULLETS **",9000,44230.4731424617,18000
1981,"SNAPPER, RED",80000,294869.820949745,120000
1981,"TUNA, BIGEYE",60000,235895.856759796,96000
1981,"CRUSTACEANS **",52000,304698.814981403,124000
1981,"TUNA, ALBACORE",159000,309613.311997232,126000
1981,"TUNA, SKIPJACK",4837000,8914897.58671395,3628000
1981,"TUNA, YELLOWFIN",3100000,10664458.5243491,4340000
1981,"TUNA, LITTLE TUNNY",50000,73717.4552374362,30000
1981,"VERTEBRATES, JAWED",3650000,9890425.24435603,4025000
1981,"SHRIMPS, PENAEID **",95000,584825.144883661,238000
1981,"TUNA, BLUEFIN PACIFIC",20000,78631.9522532653,32000
1981,"SQUIDS, LOLIGINIDAE **",17000,34401.4791108036,14000
1981,"LOBSTER, CARIBBEAN SPINY",781000,11514666.5080875,4686000
1981,"CRABS, DECAPODA (ORDER) **",16000,78631.9522532653,32000
1981,"SNAPPERS, LUTJANIDAE (FAMILY) **",425000,1931397.32722083,786000
1981,"SHARKS, CHONDRICHTHYES (CLASS) **",15000,7371.74552374362,3000
1982,"CORALS **",5000,81000.295312675,35000
1982,"SWORDFISH",25000,81000.295312675,35000
1982,"MULLETS **",9000,41657.2947322329,18000
1982,"SNAPPER, RED",80000,416572.947322329,180000
1982,"TUNA, BIGEYE",45000,138857.649107443,60000
1982,"BILLFISHES **",6e+05,694288.245537215,3e+05
1982,"CRUSTACEANS **",45000,173572.061384304,75000
1982,"TUNA, ALBACORE",3810000,6257851.38644209,2704000
1982,"TUNA, SKIPJACK",3876000,6725338.80510382,2906000
1982,"TUNA, YELLOWFIN",2e+06,6480023.625014,2800000
1982,"TUNA, LITTLE TUNNY",50000,69428.8245537215,30000
1982,"VERTEBRATES, JAWED",3e+06,8562888.36162565,3700000
1982,"SHRIMPS, PENAEID **",90000,520716.184152911,225000
1982,"TUNA, BLUEFIN PACIFIC",15000,57857.3537947679,25000
1982,"SQUIDS, LOLIGINIDAE **",20000,37028.7064286514,16000
1982,"LOBSTER, CARIBBEAN SPINY",120000,999775.073573589,432000
1982,"CRABS, DECAPODA (ORDER) **",15000,69428.8245537215,30000
1982,"SNAPPERS, LUTJANIDAE (FAMILY) **",425000,1967150.02902211,850000
1982,"SHARKS, CHONDRICHTHYES (CLASS) **",15000,11571.4707589536,5000
1983,"SWORDFISH",33000,98013.251783894,44000
1983,"MULLETS **",11000,53461.7737003058,24000
1983,"SNAPPER, RED",16000,84647.8083588175,38000
1983,"TUNA, BIGEYE",10000,46779.0519877676,21000
1983,"BILLFISHES **",447000,590307.084607543,265000
1983,"CRUSTACEANS **",70000,249488.277268094,112000
1983,"TUNA, ALBACORE",2213000,3123058.61365953,1402000
1983,"TUNA, SKIPJACK",13917000,13561469.9286442,6088000
1983,"SEA BASS, GIANT",50000,142564.729867482,64000
1983,"TUNA, YELLOWFIN",11485000,16448405.7084608,7384000
1983,"TUNA, LITTLE TUNNY",40000,69054.7910295617,31000
1983,"VERTEBRATES, JAWED",224000,3617580.02038736,1624000
1983,"SHRIMPS, PENAEID **",6000,35641.1824668705,16000
1983,"TUNA, BLUEFIN PACIFIC",16000,55689.3476044852,25000
1983,"SQUIDS, LOLIGINIDAE **",9000,22275.7390417941,10000
1983,"LOBSTER, CARIBBEAN SPINY",209000,1396688.83792049,627000
1983,"CRABS, DECAPODA (ORDER) **",14000,73509.9388379205,33000
1983,"SNAPPERS, LUTJANIDAE (FAMILY) **",58000,196026.503567788,88000
1983,"SHARKS, CHONDRICHTHYES (CLASS) **",1000,NA,NA
1984,"TUNA, BIGEYE",121000,111789.018639651,52000
1984,"BILLFISHES **",5e+05,859915.527997314,4e+05
1984,"CRUSTACEANS **",3e+05,1756377.46593451,817000
1984,"TUNA, ALBACORE",1049000,1350067.37895578,628000
1984,"TUNA, SKIPJACK",18789000,18761207.0320814,8727000
1984,"TUNA, YELLOWFIN",8625000,15740753.7399908,7322000
1984,"VERTEBRATES, JAWED",4400000,18058226.0879436,8400000
1984,"SHRIMPS, PENAEID **",4e+05,2923712.79519087,1360000
1984,"LOBSTER, CARIBBEAN SPINY",640000,3646041.83870861,1696000
1985,"SNAPPER, RED",3e+05,2156737.94045643,1035000
1985,"TUNA, BIGEYE",122000,600135.774735703,288000
1985,"BILLFISHES **",450000,956466.390985027,459000
1985,"CRUSTACEANS **",799000,4809421.41697918,2308000
1985,"TUNA, ALBACORE",1536000,2190078.81683064,1051000
1985,"TUNA, SKIPJACK",6250000,7132863.73930664,3423000
1985,"SEA BASS, GIANT",192000,679320.356124442,326000
1985,"TUNA, YELLOWFIN",3251000,8012229.35367632,3845000
1985,"TUNA, LITTLE TUNNY",27000,47927.5097879207,23000
1985,"VERTEBRATES, JAWED",2109000,7553792.30353099,3625000
1985,"SHRIMPS, PENAEID **",50000,312570.716008179,150000
1985,"LOBSTER, CARIBBEAN SPINY",1197000,7255808.22093652,3482000
1985,"SNAPPERS, LUTJANIDAE (FAMILY) **",704000,4182196.18018943,2007000
1986,"SWORDFISH",10000,46978.9960904148,23000
1986,"SNAPPER, RED",420000,2959676.75369613,1449000
1986,"TUNA, BIGEYE",175000,882388.100480834,432000
1986,"BILLFISHES **",430000,966133.267424617,473000
1986,"CRUSTACEANS **",1178000,5179944.96023008,2536000
1986,"SPEARFISHES **",20000,77617.4718015548,38000
1986,"TUNA, ALBACORE",110000,175660.594077203,86000
1986,"TUNA, SKIPJACK",2100000,4847006.85750236,2373000
1986,"SEA BASS, GIANT",201000,698557.246213994,342000
1986,"TUNA, YELLOWFIN",2500000,7557490.67541455,3700000
1986,"TUNA, LITTLE TUNNY",15000,34723.6058059587,17000
1986,"VERTEBRATES, JAWED",1614000,6489229.15561947,3177000
1986,"LOBSTER, CARIBBEAN SPINY",1146000,7559533.24046196,3701000
1986,"SNAPPERS, LUTJANIDAE (FAMILY) **",657000,3509126.75144924,1718000
1986,"SHARKS, CHONDRICHTHYES (CLASS) **",14000,34723.6058059587,17000
1987,"CORALS **",12000,123592.675920444,62000
1987,"SWORDFISH",12000,69770.0589873473,35000
1987,"MULLETS **",7000,31894.8841085016,16000
1987,"SNAPPER, RED",419000,3255271.60932395,1633000
1987,"TUNA, BIGEYE",1683000,8101300.56355942,4064000
1987,"BILLFISHES **",635000,1096386.64122974,550000
1987,"SPEARFISHES **",23000,71763.4892441287,36000
1987,"TUNA, ALBACORE",685000,1784120.07981931,895000
1987,"TUNA, SKIPJACK",3300000,6977005.89873473,3500000
1987,"SEA BASS, GIANT",2e+05,643877.972940377,323000
1987,"TUNA, YELLOWFIN",5233000,14910858.3207245,7480000
1987,"TUNA, LITTLE TUNNY",8000,15947.4420542508,8000
1987,"VERTEBRATES, JAWED",2069000,7744476.54759555,3885000
1987,"SHRIMPS, PENAEID **",8000,65783.1984737846,33000
1987,"LOBSTER, CARIBBEAN SPINY",528000,4965634.76964235,2491000
1987,"CRABS, DECAPODA (ORDER) **",24000,147513.83900182,74000
1987,"SNAPPERS, LUTJANIDAE (FAMILY) **",711000,4447342.9028792,2231000
1987,"SHARKS, CHONDRICHTHYES (CLASS) **",9000,19934.3025678135,10000
1988,"TUNAS **",5000,7702.20247147886,4000
1988,"SWORDFISH",20000,48138.7654467429,25000
1988,"MULLETS **",6000,26957.708650176,14000
1988,"SNAPPER, RED",2e+05,878051.08174859,456000
1988,"TUNA, BIGEYE",3e+06,19236250.6725185,9990000
1988,"CRUSTACEANS **",331000,2133510.08459964,1108000
1988,"TUNA, ALBACORE",7e+05,1752251.06226144,910000
1988,"TUNA, SKIPJACK",5e+06,10879360.9909639,5650000
1988,"SEA BASS, GIANT",175000,589218.489068133,306000
1988,"TUNA, YELLOWFIN",4e+06,13863964.448662,7200000
1988,"VERTEBRATES, JAWED",5180000,14994262.6613515,7787000
1988,"LOBSTER, CARIBBEAN SPINY",1200000,8472422.71862675,4400000
1988,"SNAPPERS, LUTJANIDAE (FAMILY) **",1300000,3629662.91468441,1885000
1988,"SHARKS, CHONDRICHTHYES (CLASS) **",14000,26957.708650176,14000
1989,"SAILFISH",6000,14822.1991236115,8000
1989,"TUNAS **",16000,35202.7229185774,19000
1989,"SWORDFISH",629000,2529037.72546622,1365000
1989,"SNAPPER, RED",750000,4996933.87954754,2697000
1989,"TUNA, BIGEYE",3424000,21972057.4258636,11859000
1989,"BILLFISHES **",3051000,4917264.55925813,2654000
1989,"CRUSTACEANS **",571000,4185418.47752981,2259000
1989,"SPEARFISHES **",315000,600299.064506267,324000
1989,"TUNA, ALBACORE",601000,1378464.51849587,744000
1989,"TUNA, SKIPJACK",3347000,6708897.87832467,3621000
1989,"SEA BASS, GIANT",94000,448371.523489249,242000
1989,"TUNA, YELLOWFIN",6688000,18620387.649037,10050000
1989,"VERTEBRATES, JAWED",2845000,7563027.10282279,4082000
1989,"LOBSTER, CARIBBEAN SPINY",1276000,10512644.7284215,5674000
1989,"SNAPPERS, LUTJANIDAE (FAMILY) **",564000,2579062.64750841,1392000
1989,"SHARKS, CHONDRICHTHYES (CLASS) **",220000,220480.211963722,119000
1990,"SAILFISH",10000,17857.979145549,10000
1990,"TUNAS **",16000,91075.6936422998,51000
1990,"SWORDFISH",3518000,14075659.1625217,7882000
1990,"SNAPPER, RED",553000,4100192.01181805,2296000
1990,"TUNA, BIGEYE",3689000,23717182.1032036,13281000
1990,"BILLFISHES **",2843000,6041354.34493922,3383000
1990,"CRUSTACEANS **",449000,3451947.36883462,1933000
1990,"SPEARFISHES **",144000,364302.774569199,204000
1990,"TUNA, ALBACORE",476000,1275059.7109922,714000
1990,"TUNA, SKIPJACK",2141000,7761077.73665559,4346000
1990,"SEA BASS, GIANT",132000,517881.39522092,290000
1990,"TUNA, YELLOWFIN",7880000,35180218.9167315,19700000
1990,"VERTEBRATES, JAWED",3072000,8657548.28976214,4848000
1990,"LOBSTER, CARIBBEAN SPINY",794000,7839652.844896,4390000
1990,"SNAPPERS, LUTJANIDAE (FAMILY) **",624000,2751914.5863291,1541000
1990,"SHARKS, CHONDRICHTHYES (CLASS) **",241000,250011.708037686,140000
1991,"SAILFISH",18000,27639.7357839448,16000
1991,"TUNAS **",86000,126106.294514248,73000
1991,"SWORDFISH",8710000,32350583.2516209,18727000
1991,"TUNA, BIGEYE",3400000,22025414.452831,12750000
1991,"BILLFISHES **",3015000,4800676.60897392,2779000
1991,"CRUSTACEANS **",18000,155473.51378469,90000
1991,"SPEARFISHES **",259000,402503.652353697,233000
1991,"TUNA, ALBACORE",699000,1570282.48922537,909000
1991,"TUNA, SKIPJACK",2579000,5192815.36040864,3006000
1991,"SEA BASS, GIANT",119000,659898.691841683,382000
1991,"TUNA, YELLOWFIN",1743000,8281555.83426447,4794000
1991,"VERTEBRATES, JAWED",5838000,16010316.9528501,9268000
1991,"TUNA, BLUEFIN PACIFIC",5000,60461.9220273794,35000
1991,"LOBSTER, CARIBBEAN SPINY",193000,1872592.09936226,1084000
1991,"SNAPPERS, LUTJANIDAE (FAMILY) **",705000,5882081.27152076,3405000
1991,"SHARKS, CHONDRICHTHYES (CLASS) **",275000,260850.006460979,151000
1992,"CORALS **",2000,67561.5275708175,40000
1992,"SWORDFISH",10883000,53491839.4541948,31670000
1992,"SNAPPER, RED",143000,1172192.50335368,694000
1992,"TUNA, BIGEYE",3900000,23845841.1561201,14118000
1992,"BILLFISHES **",2650000,5361007.21274437,3174000
1992,"CRUSTACEANS **",205000,1432304.38450133,848000
1992,"TUNA, ALBACORE",925000,1749843.56408417,1036000
1992,"TUNA, SKIPJACK",1987000,4698904.24255036,2782000
1992,"SEA BASS, GIANT",81000,380033.592585849,225000
1992,"TUNA, YELLOWFIN",2689000,10446701.2006377,6185000
1992,"VERTEBRATES, JAWED",2982000,9434967.32526467,5586000
1992,"SHRIMPS, PENAEID **",3000,20268.4582712453,12000
1992,"SQUIDS, LOLIGINIDAE **",21000,76006.7185171697,45000
1992,"LOBSTER, CARIBBEAN SPINY",323000,2837584.15797434,1680000
1992,"SNAPPERS, LUTJANIDAE (FAMILY) **",625000,2786913.01229622,1650000
1992,"SHARKS, CHONDRICHTHYES (CLASS) **",474000,800604.101714188,474000
1993,"CORALS **",1000,28048.2629196598,17000
1993,"SWORDFISH",13486000,44370702.041083,26893000
1993,"SNAPPER, RED",183000,1451910.0805471,880000
1993,"TUNA, BIGEYE",4200000,23808025.5253348,14430000
1993,"BILLFISHES **",2918000,5025588.75607552,3046000
1993,"CRUSTACEANS **",1151000,3336093.38962071,2022000
1993,"TUNA, ALBACORE",1204000,2365953.47216424,1434000
1993,"TUNA, SKIPJACK",2396000,4632913.07520028,2808000
1993,"SEA BASS, GIANT",154000,717705.55117953,435000
1993,"TUNA, YELLOWFIN",3710000,13502763.749088,8184000
1993,"VERTEBRATES, JAWED",1893000,5566755.24064307,3374000
1993,"SHRIMPS, PENAEID **",32000,268933.344464973,163000
1993,"SQUIDS, LOLIGINIDAE **",2000,8249.48909401759,5000
1993,"LOBSTER, CARIBBEAN SPINY",3000,36297.7520136774,22000
1993,"SNAPPERS, LUTJANIDAE (FAMILY) **",644000,4047199.34952503,2453000
1993,"SHARKS, CHONDRICHTHYES (CLASS) **",2605000,4811102.03963106,2916000
1994,"SAILFISH",1000,1615.42452997832,1000
1994,"TUNAS **",23000,51693.5849593063,32000
1994,"CORALS **",4000,124387.688808331,77000
1994,"SWORDFISH",7418000,27337829.3208231,16923000
1994,"SNAPPER, RED",420000,2967534.86157017,1837000
1994,"TUNA, BIGEYE",4651000,29313493.5209866,18146000
1994,"BILLFISHES **",2147000,4469879.67445001,2767000
1994,"CRUSTACEANS **",1e+05,597707.076091978,370000
1994,"SPEARFISHES **",164000,256852.500266553,159000
1994,"TUNA, ALBACORE",1415000,2901302.45584106,1796000
1994,"TUNA, SKIPJACK",1310000,3324543.68269538,2058000
1994,"TUNA, YELLOWFIN",3732000,14950754.0249494,9255000
1994,"VERTEBRATES, JAWED",3514000,10004324.1141557,6193000
1994,"SHRIMPS, PENAEID **",63000,526628.396772932,326000
1994,"TUNA, BLUEFIN PACIFIC",94000,1791505.80374596,1109000
1994,"LOBSTER, CARIBBEAN SPINY",114000,1095257.8313253,678000
1994,"SNAPPERS, LUTJANIDAE (FAMILY) **",117000,549244.340192629,340000
1994,"SHARKS, CHONDRICHTHYES (CLASS) **",1803000,620323.019511675,384000
1995,"SAILFISH",46000,56959.0955134208,36000
1995,"TUNAS **",12000,22150.7593663303,14000
1995,"CORALS **",6000,194610.243004188,123000
1995,"SWORDFISH",5882000,20399267.1792926,12893000
1995,"SNAPPER, RED",533000,3317867.31365676,2097000
1995,"TUNA, BIGEYE",4746000,25425907.358352,16070000
1995,"BILLFISHES **",3015000,4620015.52497746,2920000
1995,"CRUSTACEANS **",56000,341754.573080525,216000
1995,"SPEARFISHES **",310000,379727.303422805,240000
1995,"TUNA, ALBACORE",2257000,4165924.95796769,2633000
1995,"TUNA, SKIPJACK",1603000,3085284.34031029,1950000
1995,"TUNA, YELLOWFIN",4541000,16905775.9878028,10685000
1995,"VERTEBRATES, JAWED",3941000,10792166.4026956,6821000
1995,"SHRIMPS, PENAEID **",53000,425611.019253061,269000
1995,"TUNA, BLUEFIN PACIFIC",50000,1724594.83637857,1090000
1995,"LOBSTER, CARIBBEAN SPINY",45000,433522.004741036,274000
1995,"SNAPPERS, LUTJANIDAE (FAMILY) **",221000,971469.017923343,614000
1995,"SHARKS, CHONDRICHTHYES (CLASS) **",2575000,1427141.78203071,902000
1996,"TUNAS **",9000,20199.2123938578,13000
1996,"CORALS **",1000,41952.2103564738,27000
1996,"SWORDFISH",5871000,21549452.0531087,13869000
1996,"SNAPPER, RED",473000,3245858.05313607,2089000
1996,"TUNA, BIGEYE",5233000,31088141.6597159,20008000
1996,"BILLFISHES **",2806000,3853388.21052056,2480000
1996,"CRUSTACEANS **",72000,428844.816977288,276000
1996,"SPEARFISHES **",210000,357370.680814407,230000
1996,"TUNA, ALBACORE",2951000,4697093.77435631,3023000
1996,"TUNA, SKIPJACK",2192000,4537053.86077421,2920000
1996,"TUNA, YELLOWFIN",3674000,13836460.4897926,8905000
1996,"VERTEBRATES, JAWED",3429000,9673868.95108911,6226000
1996,"SHRIMPS, PENAEID **",32000,248605.691001326,160000
1996,"TUNA, BLUEFIN PACIFIC",60000,1615936.99150862,1040000
1996,"LOBSTER, CARIBBEAN SPINY",212000,2322909.42529364,1495000
1996,"SNAPPERS, LUTJANIDAE (FAMILY) **",173000,739601.930728946,476000
1996,"SHARKS, CHONDRICHTHYES (CLASS) **",4472000,1633028.63276496,1051000
1997,"TUNAS **",9000,19856.6296680881,13000
1997,"CORALS **",2000,62624.7551070472,41000
1997,"SWORDFISH",6361000,21475708.702563,14060000
1997,"SNAPPER, RED",413000,2937253.75782565,1923000
1997,"TUNA, BIGEYE",5778000,27376182.580088,17923000
1997,"CRUSTACEANS **",78000,452120.183211853,296000
1997,"SPEARFISHES **",220000,290212.279764365,190000
1997,"TUNA, ALBACORE",4083000,7458455.58994418,4883000
1997,"TUNA, SKIPJACK",2472000,4874038.86698994,3191000
1997,"TUNA, YELLOWFIN",4810000,17985524.1801337,11775000
1997,"VERTEBRATES, JAWED",6960000,15194903.9952416,9948000
1997,"SHRIMPS, PENAEOID **",34000,259663.618736537,170000
1997,"TUNA, BLUEFIN PACIFIC",50000,1191397.78008529,780000
1997,"LOBSTER, CARIBBEAN SPINY",197000,1894016.98372533,1240000
1997,"SNAPPERS, LUTJANIDAE (FAMILY) **",89000,395605.160310371,259000
1997,"SHARKS, CHONDRICHTHYES (CLASS) **",5012000,3056393.53583418,2001000
1998,"TUNAS **",1000,4531.28811114914,3000
1998,"CORALS **",30,2718.77286668948,1800
1998,"SWORDFISH",7202000,18066245.6991516,11961000
1998,"SNAPPER, RED",346000,2310956.93668606,1530000
1998,"TUNA, BIGEYE",7407000,32437981.1583463,21476000
1998,"CRUSTACEANS **",187000,1141884.60400958,756000
1998,"SPEARFISHES **",296000,262814.71044665,174000
1998,"TUNA, ALBACORE",3003000,5398274.56974901,3574000
1998,"TUNA, SKIPJACK",1084000,2119132.40664742,1403000
1998,"TUNA, YELLOWFIN",3456000,11184729.4876865,7405000
1998,"VERTEBRATES, JAWED",6794000,15309712.0982026,10136000
1998,"SHRIMPS, PENAEOID **",146000,960633.079563618,636000
1998,"TUNA, BLUEFIN PACIFIC",36000,382138.630706911,253000
1998,"LOBSTER, CARIBBEAN SPINY",126000,1329177.84593708,880000
1998,"SNAPPERS, LUTJANIDAE (FAMILY) **",120000,507504.268448704,336000
1998,"SHARKS, CHONDRICHTHYES (CLASS) **",6222000,2326061.23038989,1540000
1999,"TUNAS **",5960,11291.6195894025,7581
1999,"CORALS **",2848,106349.153185981,71401
1999,"SWORDFISH",6847322,19289258.8150541,12950478
1999,"SNAPPER, RED",386362,2572180.59861386,1726918
1999,"TUNA, BIGEYE",6152197,30269972.3500795,20322741
1999,"CRUSTACEANS **",218438,1300386.16592335,873057
1999,"SPEARFISHES **",472000,591316.841708584,397000
1999,"TUNA, ALBACORE",3872494,6504255.88148051,4366846
1999,"TUNA, SKIPJACK",1943872,3627886.70696836,2435701
1999,"TUNA, YELLOWFIN",3062896,10000688.5350941,6714291
1999,"VERTEBRATES, JAWED",7110177,16480198.4770075,11064523
1999,"SHRIMPS, PENAEOID **",19038,174654.440450248,117260
1999,"TUNA, BLUEFIN PACIFIC",23000,224908.924680091,151000
1999,"LOBSTER, CARIBBEAN SPINY",142652,1521499.93868235,1021509
1999,"SNAPPERS, LUTJANIDAE (FAMILY) **",339798,1180751.0020874,792736
1999,"SHARKS, CHONDRICHTHYES (CLASS) **",6307786,2298950.51277833,1543476
2000,"TUNAS **",6702,14962.0685394591,10273
2000,"SWORDFISH",6521184,18634295.8398375,12794362
2000,"SNAPPER, RED",420815,2853730.93106641,1959380
2000,"TUNA, BIGEYE",6170906,31233691.6544893,21445144
2000,"CRUSTACEANS **",57848,307990.241198655,211467
2000,"SPEARFISHES **",271001,477714.249093991,328000
2000,"TUNA, ALBACORE",2288550,4879683.56321876,3350405
2000,"TUNA, SKIPJACK",1653920,3002244.71759115,2061350
2000,"TUNA, YELLOWFIN",4808084,18367613.3167266,12611257
2000,"VERTEBRATES, JAWED",6685995,17205319.9842221,11813223
2000,"SHRIMPS, PENAEOID **",886,8648.3756436589,5938
2000,"LOBSTER, BANDED SPINY",10394,176515.41504023,121196
2000,"TUNA, BLUEFIN PACIFIC",8000,125254.345799034,86000
2000,"SNAPPERS, LUTJANIDAE (FAMILY) **",326845,1144898.99934312,786091
2000,"SHARKS, CHONDRICHTHYES (CLASS) **",3300200,1257375.94542477,863318
2001,"TUNAS **",10240,17705.3949888446,12431
2001,"SWORDFISH",679746,1909278.52394024,1340509
2001,"SNAPPER, RED",304217,1922639.82314306,1349890
2001,"TUNA, BIGEYE",6388583,31697311.6218445,22254758
2001,"CRUSTACEANS **",57372,879257.805733123,617329
2001,"SPEARFISHES **",552000,951428.191822717,668000
2001,"TUNA, ALBACORE",3111763,6238246.88656589,4379888
2001,"TUNA, SKIPJACK",1771530,3040066.59715224,2134438
2001,"TUNA, YELLOWFIN",3859490,14099950.7344639,9899609
2001,"VERTEBRATES, JAWED",6521446,15577517.2920709,10937012
2001,"SHRIMPS, PENAEOID **",7554,89619.4082123787,62922
2001,"LOBSTER, BANDED SPINY",7964,136866.078839839,96094
2001,"TUNA, BLUEFIN PACIFIC",2000,31334.461407335,22000
2001,"SNAPPERS, LUTJANIDAE (FAMILY) **",275664,916612.756611767,643556
2001,"SHARKS, CHONDRICHTHYES (CLASS) **",320902,203688.242084681,143010
2002,"OPAH",912187,1710249.63033907,1219467
2002,"WAHOO",654987,2020948.47898006,1441006
2002,"EELS **",768,1354.77314507694,966
2002,"ESCOLAR",3972,5590.19229428227,3986
2002,"OILFISH",203333,406339.381382734,289734
2002,"SEAWEED",14672,153333.392854608,109332
2002,"JACKS **",56784,137280.873787786,97886
2002,"SAILFISH",11002,21618.8695976822,15415
2002,"TUNAS **",1812,14700.5508350895,10482
2002,"ALFONSINO",11,44.8786135015134,32
2002,"SWORDFISH",707787,1937301.7556966,1381363
2002,"LIMPETS **",8106,91668.775446857,65363
2002,"MULLETS **",160,507.689315235871,362
2002,"DOLPHINFISH",1367673,3658364.32697618,2608540
2002,"EMPERORS **",3254,12700.6476209283,9056
2002,"JACK, BLACK",4084,8674.19451583939,6185
2002,"POMFRETS **",489784,946726.973924473,675049
2002,"TILAPIAS **",373,1046.23267725403,746
2002,"JACK, ALMACO",966,1238.36924130739,883
2002,"MARLIN, BLUE",868147,1419430.60502257,1012103
2002,"OCTOPUSES **",23952,97229.5161510289,69328
2002,"SCAD, BIGEYE",282803,743161.790451624,529900
2002,"SQUID, JUMBO",2189,7535.39969823849,5373
2002,"TUNA, BIGEYE",10628443,39924837.8130128,28467787
2002,"BILLFISHES **",654,1253.79626469853,894
2002,"GOATFISHES **",59078,235325.217265201,167795
2002,"MARLIN, BLACK",7932,12904.003838357,9201
2002,"RUDDERFISH **",26670,38871.8915756702,27717
2002,"THREADFINS **",166,1054.64741728557,752
2002,"CRUSTACEANS **",3936,151801.910168869,108240
2002,"SCAD, MACKEREL",245056,645768.18686998,460455
2002,"SPEARFISHES **",313627,377155.660496703,268925
2002,"TUNA, ALBACORE",1640907,2700294.2834892,1925403
2002,"TUNA, KAWAKAWA",8839,12228.0197224905,8719
2002,"TUNA, SKIPJACK",949209,1690874.69141646,1205652
2002,"FLYINGFISHES **",4,9.81719670345606,7
2002,"MARLIN, STRIPED",611826,1376572.9315853,981544
2002,"MULLET, STRIPED",7454,33914.2072404249,24182
2002,"PARROTFISHES **",48844,173777.00376122,123909
2002,"RUNNER, RAINBOW",4445,8228.2132941681,5867
2002,"SHARKS, MAKO **",176232,113503.623372015,80932
2002,"TUNA, YELLOWFIN",2608935,8292960.51134074,5913167
2002,"SURGEONFISHES **",131872,254301.858492982,181326
2002,"TRIGGERFISHES **",2370,4560.7890970913,3252
2002,"CUCUMBERS, SEA **",196,980.317213673684,699
2002,"MACKEREL, FRIGATE",84,180.916910677976,129
2002,"SCORPIONFISHES **",2759,16424.170084882,11711
2002,"SHRIMP, MARINE **",449,4720.66915769044,3366
2002,"SNAPPER, GLASSEYE",3726,14216.7032832763,10137
2002,"SQUIRRELFISHES **",50963,235897.419587346,168203
2002,"VERTEBRATES, JAWED",20384,72302.251264282,51554
2002,"JOBFISH, GREEN /UKU",112586,382616.826777169,272819
2002,"SHARKS, THRESHER **",81362,36741.5598910203,26198
2002,"LOBSTERS, SLIPPER **",58,695.618509273458,496
2002,"TENPOUNDER, HAWAIIAN",138,221.588154163723,158
2002,"LOBSTER, BANDED SPINY",9527,169781.404702913,121060
2002,"LEATHERSKIN, LARGEMOUTHED",301,642.325155740411,458
2002,"CRABS, DECAPODA (ORDER) **",11321,61510.3471738399,43859
2002,"GROUPERS, SERRANIDAE (FAMILY) **",37563,215631.920678069,153753
2002,"SNAPPERS, LUTJANIDAE (FAMILY) **",399830,2474803.09240752,1764620
2002,"SHARKS, CHONDRICHTHYES (CLASS) **",1188,514.701598595482,367
2002,"BARRACUDAS, SPHYRAENIDAE (FAMILY) **",19899,27841.5698510014,19852
2002,"BUTTERFLYFISHES, CHAETODONTIDAE (FAMILY) **",317,356.223994668263,254
2003,"OPAH",1095520,2076016.36996444,1509402
2003,"WAHOO",980639,2613081.39583327,1899884
2003,"EELS **",922,1405.64854830169,1022
2003,"ESCOLAR",3255,4580.04859671685,3330
2003,"OILFISH",278118,573994.246536046,417332
2003,"SEAWEED",12298,114891.825669113,83534
2003,"JACKS **",50597,131931.531994856,95923
2003,"SAILFISH",3493,3683.29433693925,2678
2003,"TUNAS **",14883,85459.8557228232,62135
2003,"ALFONSINO",33,167.797576216053,122
2003,"SWORDFISH",323506,970173.95171193,705381
2003,"LIMPETS **",10686,88481.5874846811,64332
2003,"MULLETS **",82,250.320974355095,182
2003,"DOLPHINFISH",1311806,4003776.70439216,2911012
2003,"EMPERORS **",4470,14352.1943263484,10435
2003,"JACK, BLACK",3753,8205.57655495877,5966
2003,"POMFRETS **",458541,1068478.57435509,776855
2003,"TILAPIAS **",889,1950.30297601937,1418
2003,"JACK, ALMACO",1736,1587.20002420758,1154
2003,"MARLIN, BLUE",952069,1131976.20305318,823022
2003,"OCTOPUSES **",25007,99096.8472652999,72050
2003,"SCAD, BIGEYE",326033,699077.711875331,508276
2003,"SQUID, JUMBO",3290,7766.82715485286,5647
2003,"TUNA, BIGEYE",8258716,35456542.4887813,25779265
2003,"BILLFISHES **",2208,3998.2586398366,2907
2003,"GOATFISHES **",48217,184703.869714804,134292
2003,"MARLIN, BLACK",4069,6015.95572433618,4374
2003,"RUDDERFISH **",20098,30869.2524638777,22444
2003,"THREADFINS **",263,1039.79481655193,756
2003,"CRUSTACEANS **",4290,162261.631590892,117975
2003,"SCAD, MACKEREL",245376,650734.129855511,473127
2003,"SPEARFISHES **",516920,364618.631557606,265102
2003,"SUNFISH, OCEAN",7,1.37538996898404,1
2003,"TUNA, ALBACORE",1341084,2147007.12321356,1561017
2003,"TUNA, KAWAKAWA",3924,5527.69228534685,4019
2003,"TUNA, SKIPJACK",1329888,1828977.07607535,1329788
2003,"MARLIN, STRIPED",1370255,1588942.64329828,1155267
2003,"MULLET, STRIPED",8998,41543.6540131629,30205
2003,"PARROTFISHES **",67124,231204.429176186,168101
2003,"RUNNER, RAINBOW",4845,10421.3297949921,7577
2003,"SHARKS, MAKO **",189564,108475.631463802,78869
2003,"TUNA, YELLOWFIN",3415046,11853707.671951,8618434
2003,"SURGEONFISHES **",111098,225929.808645132,164266
2003,"TRIGGERFISHES **",2534,3856.59347303124,2804
2003,"CABRILLA, SPOTTED",7,30.2585793176488,22
2003,"CUCUMBERS, SEA **",287,1277.73728118617,929
2003,"MACKEREL, FRIGATE",5,2.75077993796808,2
2003,"SCORPIONFISHES **",3380,18038.2394432257,13115
2003,"SHRIMP, MARINE **",1620,12616.4521854906,9173
2003,"SNAPPER, GLASSEYE",6005,25631.7674619865,18636
2003,"SQUIRRELFISHES **",46267,208872.222249792,151864
2003,"VERTEBRATES, JAWED",15552,66639.0193872456,48451
2003,"JOBFISH, GREEN /UKU",141779,473662.299078599,344384
2003,"SHARKS, THRESHER **",96424,39151.8508570996,28466
2003,"LOBSTERS, SLIPPER **",35,375.481461532642,273
2003,"TENPOUNDER, HAWAIIAN",527,836.237101142295,608
2003,"LOBSTER, BANDED SPINY",5541,91533.5778258567,66551
2003,"LEATHERSKIN, LARGEMOUTHED",557,1098.93658521825,799
2003,"CRABS, DECAPODA (ORDER) **",10902,57062.1790332098,41488
2003,"GROUPERS, SERRANIDAE (FAMILY) **",46583,253681.052049323,184443
2003,"SNAPPERS, LUTJANIDAE (FAMILY) **",353241,2284257.28821847,1660807
2003,"SHARKS, CHONDRICHTHYES (CLASS) **",2786,429.12167032302,312
2003,"BARRACUDAS, SPHYRAENIDAE (FAMILY) **",23963,31445.5408608821,22863
2003,"BUTTERFLYFISHES, CHAETODONTIDAE (FAMILY) **",282,277.828773734776,202
2003,"URCHINS, SEA, STRONGYLOCENTROTUS (GENUS) **",49,156.79445646418,114
2004,"OPAH",790946,1813225.66692402,1353724
2004,"WAHOO",847994,2934895.54793043,2191144
2004,"EELS **",757,1064.85103699469,795
2004,"ESCOLAR",2807,4189.75351411244,3128
2004,"OILFISH",345898,762600.77189653,569345
2004,"SEAWEED",12586,74384.1980986957,55534
2004,"JACKS **",49277,134420.36562093,100356
2004,"SAILFISH",7578,13070.2093320682,9758
2004,"TUNAS **",267,2985.60120938511,2229
2004,"ALFONSINO",27,158.053361465878,118
2004,"SWORDFISH",521484,1641828.85133168,1225762
2004,"LIMPETS **",3057,36033.487543687,26902
2004,"MULLETS **",139,478.178390197615,357
2004,"DOLPHINFISH",2220401,6585973.73859129,4916978
2004,"EMPERORS **",1143,3324.47833185009,2482
2004,"JACK, BLACK",3083,6875.32122376571,5133
2004,"POMFRETS **",769062,1771851.85097216,1322835
2004,"TILAPIAS **",632,1323.36204346007,988
2004,"JACK, ALMACO",462,724.634479263053,541
2004,"MARLIN, BLUE",895251,1490429.80427057,1112730
2004,"OCTOPUSES **",18569,76351.8285054193,57003
2004,"SCAD, BIGEYE",296604,767702.680827238,573154
2004,"TUNA, BIGEYE",9844778,38636596.9394541,28845438
2004,"BILLFISHES **",436,815.716077395932,609
2004,"GOATFISHES **",47610,153694.839108167,114746
2004,"MARLIN, BLACK",7063,13848.4212219976,10339
2004,"RUDDERFISH **",21508,30845.8547559128,23029
2004,"THREADFINS **",223,1313.98599659345,981
2004,"SCAD, MACKEREL",171655,469118.450053927,350236
2004,"SPEARFISHES **",444656,579789.288961709,432861
2004,"SUNFISH, OCEAN",117,16.0732231999198,12
2004,"TUNA, ALBACORE",1127051,2001739.12578902,1494465
2004,"TUNA, KAWAKAWA",3293,6312.75841176852,4713
2004,"TUNA, SKIPJACK",861637,1515167.83421051,1131199
2004,"FLYINGFISHES **",8,13.3943526665999,10
2004,"MACKEREL, SNAKE",4,2.67887053331997,2
2004,"MARLIN, STRIPED",937299,1812748.82796909,1353368
2004,"MULLET, STRIPED",10151,45459.0935151733,33939
2004,"PARROTFISHES **",28363,105086.733281076,78456
2004,"RUNNER, RAINBOW",4111,10365.8895286816,7739
2004,"SHARKS, MAKO **",125491,63743.7243403488,47590
2004,"TUNA, YELLOWFIN",3105695,9442190.85895811,7049382
2004,"SURGEONFISHES **",70654,143449.498753485,107097
2004,"TRIGGERFISHES **",842,1423.81968845957,1063
2004,"CUCUMBERS, SEA **",230,957.696215661891,715
2004,"MACKEREL, FRIGATE",3,5.35774106663995,4
2004,"SCORPIONFISHES **",2632,13880.5676683974,10363
2004,"SHRIMP, MARINE **",30,361.647521998197,270
2004,"SNAPPER, GLASSEYE",11841,36739.3699292168,27429
2004,"SQUIRRELFISHES **",39652,160947.881077131,120161
2004,"VERTEBRATES, JAWED",13761,57978.7949526442,43286
2004,"JOBFISH, GREEN /UKU",145638,554787.390274233,414195
2004,"SHARKS, THRESHER **",102958,34971.3153772256,26109
2004,"LOBSTERS, SLIPPER **",7,75.0083749329593,56
2004,"TENPOUNDER, HAWAIIAN",237,318.785593465077,238
2004,"LOBSTER, BANDED SPINY",4870,77543.9258927466,57893
2004,"SQUIDS, LOLIGINIDAE **",535,1560.44208565889,1165
2004,"LEATHERSKIN, LARGEMOUTHED",490,996.53983839503,744
2004,"CRABS, DECAPODA (ORDER) **",12718,66825.7648889334,49891
2004,"GROUPERS, SERRANIDAE (FAMILY) **",42855,249307.746748157,186129
2004,"SNAPPERS, LUTJANIDAE (FAMILY) **",371761,2455543.81243922,1833268
2004,"SHARKS, CHONDRICHTHYES (CLASS) **",6349,1123.78618872773,839
2004,"BARRACUDAS, SPHYRAENIDAE (FAMILY) **",36263,42896.7538500527,32026
2005,"OPAH",1086076,2464043.33012566,1897337
2005,"WAHOO",817249,2922881.76998463,2250647
2005,"EELS **",681,927.261175905873,714
2005,"ESCOLAR",3436,4615.5269176043,3554
2005,"OILFISH",385809,914604.190723269,704254
2005,"SEAWEED",14602,105866.213637948,81518
2005,"JACKS **",33447,101036.403675492,77799
2005,"SAILFISH",7420,11012.8498202826,8480
2005,"TUNAS **",10770,38939.7746475654,29984
2005,"ALFONSINO",18,111.686920347206,86
2005,"SWORDFISH",3445598,10101380.6554398,7778160
2005,"LIMPETS **",5004,58165.5091687286,44788
2005,"MULLETS **",74,262.334394303902,202
2005,"DOLPHINFISH",1439168,4669323.65002829,3595424
2005,"EMPERORS **",1776,5263.57079264216,4053
2005,"JACK, BLACK",1364,3166.19432333126,2438
2005,"POMFRETS **",646123,1870322.15498551,1440166
2005,"TILAPIAS **",1214,2341.52927193038,1803
2005,"JACK, ALMACO",231,224.672525814728,173
2005,"MARLIN, BLUE",969226,1262464.79231073,972110
2005,"OCTOPUSES **",21688,84861.2805019514,65344
2005,"SCAD, BIGEYE",247636,640007.61151334,492812
2005,"TUNA, BIGEYE",10934544,46829324.4153557,36059029
2005,"BILLFISHES **",315,412.981868260599,318
2005,"GOATFISHES **",35689,128243.856946119,98749
2005,"MARLIN, BLACK",2461,3558.39722966679,2740
2005,"RUDDERFISH **",19436,25842.535209175,19899
2005,"THREADFINS **",349,2549.31889118099,1963
2005,"SCAD, MACKEREL",154053,444690.564158243,342416
2005,"SPEARFISHES **",467748,545634.761190192,420144
2005,"SUNFISH, OCEAN",123,15.5842214437962,12
2005,"TUNA, ALBACORE",1008007,1956874.32351412,1506812
2005,"TUNA, KAWAKAWA",3342,6292.12940793271,4845
2005,"TUNA, SKIPJACK",964402,1470197.26941605,1132066
2005,"MARLIN, STRIPED",1218030,1995759.55338663,1536754
2005,"MULLET, STRIPED",8679,39248.8617062007,30222
2005,"PARROTFISHES **",30032,116167.384012297,89450
2005,"RUNNER, RAINBOW",4265,8734.95611924776,6726
2005,"SHARKS, MAKO **",203827,106046.730869672,81657
2005,"TUNA, YELLOWFIN",3208468,9570139.22143808,7369099
2005,"SURGEONFISHES **",82368,155850.006548684,120006
2005,"TRIGGERFISHES **",1134,2205.16733429716,1698
2005,"CUCUMBERS, SEA **",38,148.050103716064,114
2005,"MACKEREL, FRIGATE",3,1.29868512031635,1
2005,"SCORPIONFISHES **",2599,14832.282759133,11421
2005,"SHRIMP, MARINE **",84,981.805950959159,756
2005,"SNAPPER, GLASSEYE",5688,19775.078327057,15227
2005,"SQUIRRELFISHES **",32986,150078.649873998,115562
2005,"VERTEBRATES, JAWED",12246,43676.0792813591,33631
2005,"JOBFISH, GREEN /UKU",145233,628471.39158957,483929
2005,"SHARKS, THRESHER **",63314,22323.0985331177,17189
2005,"LOBSTERS, SLIPPER **",13,132.465882272267,102
2005,"TENPOUNDER, HAWAIIAN",640,846.742698446259,652
2005,"LOBSTER, BANDED SPINY",10091,144059.244341332,110927
2005,"SQUIDS, LOLIGINIDAE **",1444,3466.19058612433,2669
2005,"LEATHERSKIN, LARGEMOUTHED",351,597.39515534552,460
2005,"CRABS, DECAPODA (ORDER) **",8951,47076.0369263473,36249
2005,"PUFFERS, SPHOEROIDES (GENUS) **",3,2.5973702406327,2
2005,"GROUPERS, SERRANIDAE (FAMILY) **",45635,270955.066132562,208638
2005,"SNAPPERS, LUTJANIDAE (FAMILY) **",288914,1960354.79963656,1509492
2005,"SHARKS, CHONDRICHTHYES (CLASS) **",8314,3471.3853266056,2673
2005,"BARRACUDAS, SPHYRAENIDAE (FAMILY) **",33878,32704.7873849266,25183
2005,"URCHINS, SEA, STRONGYLOCENTROTUS (GENUS) **",32,371.423944410476,286
2006,"OPAH",1093224,2401130.63454951,1905999
2006,"WAHOO",892581,2934893.68818528,2329696
2006,"EELS **",933,1320.24460926154,1048
2006,"ESCOLAR",4062,5430.89170851764,4311
2006,"OILFISH",417146,1058142.04038758,839945
2006,"SEAWEED",13094,77687.828782386,61668
2006,"JACKS **",23930,72506.3726011907,57555
2006,"SAILFISH",18442,19476.1275373887,15460
2006,"TUNAS **",1303,1715.81408188379,1362
2006,"ALFONSINO",3,8.81842773361714,7
2006,"SWORDFISH",2602183,6598071.08828062,5237498
2006,"LIMPETS **",5072,71861.3676012461,57043
2006,"MULLETS **",49,165.030576157692,131
2006,"DOLPHINFISH",1337174,4572819.63699959,3629869
2006,"EMPERORS **",1684,5215.47011673928,4140
2006,"JACK, BLACK",367,684.058037050587,543
2006,"POMFRETS **",584014,1673512.08404563,1328421
2006,"TILAPIAS **",605,1442.44282214166,1145
2006,"JACK, ALMACO",323,667.680956973869,530
2006,"MARLIN, BLUE",977245,1220902.50129156,969143
2006,"OCTOPUSES **",17694,75634.3948958437,60038
2006,"SCAD, BIGEYE",235624,693464.779891575,550467
2006,"TUNA, BIGEYE",10136398,43117620.5181206,34226435
2006,"BILLFISHES **",271,437.142060509307,347
2006,"GOATFISHES **",30672,116657.720712631,92602
2006,"MARLIN, BLACK",9245,12437.7624305717,9873
2006,"RUDDERFISH **",34759,44942.4870566845,35675
2006,"THREADFINS **",366,2305.38896464562,1830
2006,"SCAD, MACKEREL",196242,565600.097304908,448969
2006,"SPEARFISHES **",362830,476705.306648485,378405
2006,"SUNFISH, OCEAN",77,11.3379785146506,9
2006,"TUNA, ALBACORE",764709,1617458.37804459,1283926
2006,"TUNA, KAWAKAWA",2920,6708.30395450161,5325
2006,"TUNA, SKIPJACK",867271,1505707.48247802,1195219
2006,"MACKEREL, SNAKE",1,2.51955078103347,2
2006,"MARLIN, STRIPED",1490250,2018158.91583242,1601999
2006,"MULLET, STRIPED",7961,35442.5208367978,28134
2006,"PARROTFISHES **",25779,107514.27092826,85344
2006,"RUNNER, RAINBOW",1768,4557.86736288955,3618
2006,"SHARKS, MAKO **",198645,151876.001529917,120558
2006,"TUNA, YELLOWFIN",3026303,9974159.53440649,7917411
2006,"SURGEONFISHES **",65704,139559.177536834,110781
2006,"TRIGGERFISHES **",1521,3400.13377900467,2699
2006,"CUCUMBERS, SEA **",174,770.982538996242,612
2006,"MACKEREL, FRIGATE",88,359.035986297269,285
2006,"SCORPIONFISHES **",2090,10153.7896475649,8060
2006,"SHRIMP, MARINE **",5,37.793261715502,30
2006,"SNAPPER, GLASSEYE",3050,12319.3435438631,9779
2006,"SQUIRRELFISHES **",27140,131674.24336759,104522
2006,"VERTEBRATES, JAWED",13478,42511.1205529872,33745
2006,"JOBFISH, GREEN /UKU",142230,558724.243223468,443511
2006,"SHARKS, THRESHER **",73732,39069.4141860955,31013
2006,"LOBSTERS, SLIPPER **",3,30.2346093724016,24
2006,"TENPOUNDER, HAWAIIAN",1016,1286.23067371759,1021
2006,"LOBSTER, BANDED SPINY",6178,74990.6496712897,59527
2006,"SQUIDS, LOLIGINIDAE **",1902,5934.80186472434,4711
2006,"LEATHERSKIN, LARGEMOUTHED",420,959.948847573752,762
2006,"CRABS, DECAPODA (ORDER) **",6651,37077.7092936885,29432
2006,"GROUPERS, SERRANIDAE (FAMILY) **",26932,175935.191938005,139656
2006,"SNAPPERS, LUTJANIDAE (FAMILY) **",236218,1645429.17104023,1306129
2006,"SHARKS, CHONDRICHTHYES (CLASS) **",2670,1155.21403310385,917
2006,"BARRACUDAS, SPHYRAENIDAE (FAMILY) **",32627,39658.9890688573,31481
2006,"BUTTERFLYFISHES, CHAETODONTIDAE (FAMILY) **",403,502.650380816177,399
2007,"OPAH",1226428,2662569.195762,2170629
2007,"WAHOO",714579,2557895.53676677,2085295
2007,"EELS **",1975,2518.28136401908,2053
2007,"ESCOLAR",6641,8435.56792029189,6877
2007,"OILFISH",458221,1250860.89671625,1019750
2007,"SEAWEED",8676,87395.2803817008,71248
2007,"JACKS **",29796,73752.6474880718,60126
2007,"SAILFISH",25902,30380.0655346618,24767
2007,"TUNAS **",5000,24367.1014594443,19865
2007,"SWORDFISH",3643173,9482097.20895313,7730171
2007,"LIMPETS **",6794,72057.4381139489,58744
2007,"MULLETS **",298,732.301010384507,597
2007,"DOLPHINFISH",1388217,4272046.60637103,3482737
2007,"EMPERORS **",3320,13746.8968565815,11207
2007,"JACK, BLACK",436,861.097670502386,702
2007,"POMFRETS **",592991,1791951.61212461,1460868
2007,"TILAPIAS **",216,662.382823463373,540
2007,"JACK, ALMACO",1027,2405.43095705866,1961
2007,"MARLIN, BLUE",747197,1119619.55332585,912757
2007,"OCTOPUSES **",17009,75433.1372438956,61496
2007,"SCAD, BIGEYE",268791,782222.595846197,637698
2007,"TUNA, BIGEYE",12875412,51485844.2048835,41973244
2007,"BILLFISHES **",736,457.534802133034,373
2007,"GOATFISHES **",26479,115703.559640752,94326
2007,"MARLIN, BLACK",4770,7552.39082234072,6157
2007,"RUDDERFISH **",31073,41710.4917204603,34004
2007,"THREADFINS **",229,1684.16966039854,1373
2007,"SCAD, MACKEREL",192691,560319.443446534,456794
2007,"SPEARFISHES **",316880,425627.576199832,346988
2007,"SUNFISH, OCEAN",86,38.0256806062307,31
2007,"TUNA, ALBACORE",735183,1387482.260595,1131129
2007,"TUNA, KAWAKAWA",2548,4843.98105529049,3949
2007,"TUNA, SKIPJACK",729260,981624.358405838,800258
2007,"MARLIN, STRIPED",623175,1360049.79862475,1108765
2007,"MULLET, STRIPED",10186,45670.0690429413,37232
2007,"PARROTFISHES **",43458,191113.390822341,155803
2007,"RUNNER, RAINBOW",987,2530.54771260174,2063
2007,"SHARKS, MAKO **",264445,187738.918327252,153052
2007,"TUNA, YELLOWFIN",3246291,8884121.3019927,7242678
2007,"SURGEONFISHES **",85177,189489.326269997,154479
2007,"TRIGGERFISHES **",760,1599.53185517822,1304
2007,"CUCUMBERS, SEA **",163,769.100056132473,627
2007,"MACKEREL, FRIGATE",137,210.981195621667,172
2007,"SCORPIONFISHES **",1469,7443.22031995509,6068
2007,"SHRIMP, MARINE **",417,2861.73912433343,2333
2007,"SNAPPER, GLASSEYE",4111,16705.5401347179,13619
2007,"SQUIRRELFISHES **",33011,162364.749649172,132366
2007,"VERTEBRATES, JAWED",11405,32039.702497895,26120
2007,"JOBFISH, GREEN /UKU",148899,580908.50954252,473579
2007,"SHARKS, THRESHER **",99436,49461.59738984,40323
2007,"LOBSTERS, SLIPPER **",4,34.3457760314342,28
2007,"TENPOUNDER, HAWAIIAN",1206,1523.48049396576,1242
2007,"LOBSTER, BANDED SPINY",7845,113964.191411732,92908
2007,"SQUIDS, LOLIGINIDAE **",2211,6349.06202638226,5176
2007,"SHARK, WHITETIP, OCEANIC",114,98.1307886612405,80
2007,"LEATHERSKIN, LARGEMOUTHED",278,578.971653101319,472
2007,"CRABS, DECAPODA (ORDER) **",10080,53076.4903171485,43270
2007,"GROUPERS, SERRANIDAE (FAMILY) **",23435,144996.826690991,118207
2007,"SNAPPERS, LUTJANIDAE (FAMILY) **",231862,1491611.29371316,1216019
2007,"SHARKS, CHONDRICHTHYES (CLASS) **",318,274.766208251473,224
2007,"BARRACUDAS, SPHYRAENIDAE (FAMILY) **",25410,34529.771260174,28150
2007,"BUTTERFLYFISHES, CHAETODONTIDAE (FAMILY) **",55,66.2382823463374,54
2007,"URCHINS, SEA, STRONGYLOCENTROTUS (GENUS) **",120,441.588548975582,360
2008,"OPAH",1313244,2645002.2069422,2197845
2008,"WAHOO",849230,2677379.89480262,2224749
2008,"EELS **",605,748.547496624216,622
2008,"ESCOLAR",10649,13482.2791072043,11203
2008,"OILFISH",491247,1103715.2319839,917124
2008,"SEAWEED",12644,120540.216007837,100162
2008,"JACKS **",29896,83199.4897614446,69134
2008,"SAILFISH",11251,14153.8056395457,11761
2008,"TUNAS **",4471,12831.2112685006,10662
2008,"ALFONSINO",38,214.214556911753,178
2008,"SWORDFISH",3834728,8637448.64615955,7177224
2008,"LIMPETS **",6526,67566.6409171543,56144
2008,"MULLETS **",314,944.710265032169,785
2008,"DOLPHINFISH",1249571,3819991.91720194,3174194
2008,"EMPERORS **",3138,13424.5133839922,11155
2008,"JACK, BLACK",495,1074.68314225953,893
2008,"POMFRETS **",670742,2000206.76301729,1662057
2008,"TILAPIAS **",657,2477.9088352882,2059
2008,"JACK, ALMACO",814,1198.63875665228,996
2008,"MARLIN, BLUE",922071,1226573.29763563,1019212
2008,"OCTOPUSES **",20875,100716.945325532,83690
2008,"SCAD, BIGEYE",154839,539696.727803225,448457
2008,"TUNA, BIGEYE",13373442,59781425.6304271,49674933
2008,"BILLFISHES **",121,108.310731022796,90
2008,"GOATFISHES **",36605,178788.52369933,148563
2008,"MARLIN, BLACK",6217,5623.73384521698,4673
2008,"RUDDERFISH **",37658,58722.4680028595,48795
2008,"THREADFINS **",422,3216.82871137705,2673
2008,"SCAD, MACKEREL",162931,530199.080145092,440565
2008,"SPEARFISHES **",507744,431086.337091265,358208
2008,"SUNFISH, OCEAN",79,9.62762053535969,8
2008,"TUNA, ALBACORE",803125,1617327.12539914,1343906
2008,"TUNA, KAWAKAWA",2444,5564.7646694379,4624
2008,"TUNA, SKIPJACK",910313,1430392.43127433,1188574
2008,"FLYINGFISHES **",1,2.40690513383992,2
2008,"MACKEREL, SNAKE",5,1.20345256691996,1
2008,"MARLIN, STRIPED",1023462,1261749.01271413,1048441
2008,"MULLET, STRIPED",8841,40148.3810850168,33361
2008,"PARROTFISHES **",44401,200636.001599195,166717
2008,"RUNNER, RAINBOW",2799,6688.78936694114,5558
2008,"SHARKS, MAKO **",249683,151631.413074214,125997
2008,"TUNA, YELLOWFIN",3201107,10397766.3952024,8639947
2008,"SURGEONFISHES **",77913,174559.591379173,145049
2008,"TRIGGERFISHES **",588,778.633810797215,647
2008,"CABRILLA, SPOTTED",3,9.62762053535969,8
2008,"CUCUMBERS, SEA **",149,707.630109348937,588
2008,"MACKEREL, FRIGATE",66,129.972877227356,108
2008,"SCORPIONFISHES **",1369,7117.21848076465,5914
2008,"SHRIMP, MARINE **",161,791.871789033334,658
2008,"SNAPPER, GLASSEYE",3244,12604.9621859197,10474
2008,"SQUIRRELFISHES **",56512,310167.033524848,257731
2008,"VERTEBRATES, JAWED",13855,48138.1026767984,40000
2008,"JOBFISH, GREEN /UKU",137371,596741.582927798,495858
2008,"SHARKS, THRESHER **",89390,28821.4855251661,23949
2008,"LOBSTERS, SLIPPER **",1,4.81381026767984,4
2008,"TENPOUNDER, HAWAIIAN",432,511.467340940983,425
2008,"LOBSTER, BANDED SPINY",9912,144795.802494109,120317
2008,"SQUIDS, LOLIGINIDAE **",1479,3925.66227329291,3262
2008,"SHARK, WHITETIP, OCEANIC",110,74.6140591490376,62
2008,"LEATHERSKIN, LARGEMOUTHED",303,671.526532341338,558
2008,"CRABS, DECAPODA (ORDER) **",13228,68526.9960655564,56942
2008,"GROUPERS, SERRANIDAE (FAMILY) **",19341,119825.365183087,99568
2008,"SNAPPERS, LUTJANIDAE (FAMILY) **",240140,1467473.21176626,1219386
2008,"SHARKS, CHONDRICHTHYES (CLASS) **",150,116.734898991236,97
2008,"BARRACUDAS, SPHYRAENIDAE (FAMILY) **",32668,35329.7570070693,29357
2008,"URCHINS, SEA, STRONGYLOCENTROTUS (GENUS) **",14,151.635023431915,126
2009,"OPAH",1884043,2881105.13025565,2409252
2009,"WAHOO",604808,2000226.12992152,1672639
2009,"EELS **",1588,1954.01966371211,1634
2009,"ESCOLAR",7348,9864.57050548421,8249
2009,"OILFISH",544613,842602.218573973,704605
2009,"RAYS **",44,184.160971977763,154
2009,"SEAWEED",14576,130670.580571495,109270
2009,"JACKS **",27663,73376.1888284648,61359
2009,"SAILFISH",22438,24524.5013851946,20508
2009,"TUNAS **",590,1505.57573844158,1259
2009,"ALFONSINO",40,15.5460560760449,13
2009,"SWORDFISH",3881196,8773134.52580566,7336314
2009,"LIMPETS **",11436,92925.952269325,77707
2009,"MULLETS **",354,1131.27454214912,946
2009,"DOLPHINFISH",1286856,3411415.7826731,2852711
2009,"EMPERORS **",3808,16178.6609732932,13529
2009,"HERRINGS **",275,493.886243031274,413
2009,"JACK, BLACK",292,650.542654259112,544
2009,"POMFRETS **",627055,1651241.08802366,1380809
2009,"TILAPIAS **",702,2682.29259835145,2243
2009,"JACK, ALMACO",518,862.2081869868,721
2009,"MARLIN, BLUE",1032652,1426855.29387436,1193172
2009,"OCTOPUSES **",20688,96063.8638957513,80331
2009,"SCAD, BIGEYE",200354,768665.175876303,642777
2009,"TUNA, BIGEYE",10750161,47075837.5406942,39365990
2009,"GOATFISHES **",47232,256673.756768774,214637
2009,"MARLIN, BLACK",691,2087.95491605958,1746
2009,"RUDDERFISH **",17582,31581.2149932516,26409
2009,"THREADFINS **",454,3918.80198163071,3277
2009,"HERRING, ROUND",673,1653.8611963977,1383
2009,"SCAD, MACKEREL",205037,663710.163755522,555011
2009,"SPEARFISHES **",259433,326023.517073543,272629
2009,"SUNFISH, OCEAN",138,16.741906543433,14
2009,"TUNA, ALBACORE",649682,1280161.51289033,1070503
2009,"TUNA, KAWAKAWA",5340,14475.7699077326,12105
2009,"TUNA, SKIPJACK",709952,1208240.67408068,1010361
2009,"FLYINGFISHES **",7,14.3502056086569,12
2009,"MACKEREL, SNAKE",21,25.1128598151495,21
2009,"MARLIN, STRIPED",644135,1132618.67807446,947124
2009,"MULLET, STRIPED",7145,35590.9016104038,29762
2009,"PARROTFISHES **",48001,208690.256764827,174512
2009,"RUNNER, RAINBOW",2379,5323.9262808117,4452
2009,"SHARKS, MAKO **",233776,142981.861133255,119565
2009,"TUNA, YELLOWFIN",2478242,7473329.97313801,6249385
2009,"SURGEONFISHES **",83759,195552.643530102,163526
2009,"TRIGGERFISHES **",1423,1796.16740201689,1502
2009,"CUCUMBERS, SEA **",87,416.155962651049,348
2009,"MACKEREL, FRIGATE",17,60.9883738367917,51
2009,"SCORPIONFISHES **",2110,13210.560113236,11047
2009,"SHRIMP, MARINE **",235,469.969233683513,393
2009,"SNAPPER, GLASSEYE",2521,10579.6890849823,8847
2009,"SQUIRRELFISHES **",50266,249727.061403716,208828
2009,"VERTEBRATES, JAWED",16003,53642.2644156268,44857
2009,"JOBFISH, GREEN /UKU",107074,441949.261382143,369569
2009,"SHARKS, THRESHER **",62207,23439.8650112736,19601
2009,"TENPOUNDER, HAWAIIAN",1645,1988.69932726637,1663
2009,"LOBSTER, BANDED SPINY",11000,162721.76479843,136072
2009,"HERRING, LAKE OR CISCO",965,1851.17652351674,1548
2009,"SQUIDS, LOLIGINIDAE **",3138,6754.16343980784,5648
2009,"LEATHERSKIN, LARGEMOUTHED",214,447.248074803139,374
2009,"CRABS, DECAPODA (ORDER) **",10433,55485.0699858718,46398
2009,"GROUPERS, SERRANIDAE (FAMILY) **",21981,118214.602103181,98854
2009,"SNAPPERS, LUTJANIDAE (FAMILY) **",283869,1782357.72081949,1490452
2009,"SHARKS, CHONDRICHTHYES (CLASS) **",236,104.038990662762,87
2009,"BARRACUDAS, SPHYRAENIDAE (FAMILY) **",20132,20769.530917596,17368
2010,"OPAH",1823832,3062222.14089838,2591394
2010,"WAHOO",600155,2062880.63585739,1745705
2010,"EELS **",720,1051.70333241474,890
2010,"ESCOLAR",11209,13595.3335274512,11505
2010,"OILFISH",580707,925998.787030152,783623
2010,"SEAWEED",10108,112567.707242504,95260
2010,"JACKS **",27259,81862.6966925433,69276
2010,"SAILFISH",32366,48521.3376767209,41061
2010,"TUNAS **",17687,55005.2659744284,46548
2010,"ALFONSINO",27,181.980127181876,154
2010,"SWORDFISH",3153143,8629439.72819684,7302631
2010,"LIMPETS **",12105,83813.6654586295,70927
2010,"MULLETS **",430,1244.31866183452,1053
2010,"DOLPHINFISH",1517631,3902575.64430671,3302540
2010,"EMPERORS **",6528,25542.2107080276,21615
2010,"JACK, BLACK",127,282.423703873172,239
2010,"POMFRETS **",593171,1829948.43644286,1548587
2010,"TILAPIAS **",112,365.141943501297,309
2010,"JACK, ALMACO",1538,3321.72816563802,2811
2010,"MARLIN, BLUE",878279,1327836.90500876,1123677
2010,"OCTOPUSES **",22635,106471.372981911,90101
2010,"SCAD, BIGEYE",254996,853549.42600729,722313
2010,"TUNA, BIGEYE",13059807,60100189.5923004,50859560
2010,"BILLFISHES **",827,679.471254088175,575
2010,"GOATFISHES **",61983,332036.922312984,280985
2010,"RUDDERFISH **",27581,41578.9139936461,35186
2010,"THREADFINS **",507,4001.19941972619,3386
2010,"SCAD, MACKEREL",204644,624801.587828809,528736
2010,"SPEARFISHES **",271632,438068.706935728,370714
2010,"SUNFISH, OCEAN",130,15.3619587880805,13
2010,"TUNA, ALBACORE",921063,1546252.05336855,1308510
2010,"TUNA, KAWAKAWA",2344,6228.68344399786,5271
2010,"TUNA, SKIPJACK",299811,649019.125013649,549230
2010,"MARLIN, STRIPED",342332,747664.170837601,632708
2010,"MULLET, STRIPED",7349,37597.8032892582,31817
2010,"PARROTFISHES **",62858,254804.083661341,215627
2010,"RUNNER, RAINBOW",2332,5299.87578188776,4485
2010,"SHARKS, MAKO **",184458,116433.012411412,98531
2010,"TUNA, YELLOWFIN",2405108,8278869.1934506,7005962
2010,"SURGEONFISHES **",112612,239410.219266546,202600
2010,"TRIGGERFISHES **",326,540.031935857906,457
2010,"CUCUMBERS, SEA **",374,3265.00708703587,2763
2010,"MACKEREL, FRIGATE",2,7.09013482526791,6
2010,"SCORPIONFISHES **",1951,11259.1341025254,9528
2010,"SHRIMP, MARINE **",238,1152.14690910604,975
2010,"SNAPPER, GLASSEYE",4583,18011.3058344556,15242
2010,"SQUIRRELFISHES **",88294,409633.721218991,346651
2010,"VERTEBRATES, JAWED",17802,68756.5824680355,58185
2010,"JOBFISH, GREEN /UKU",109081,505809.036745475,428039
2010,"SHARKS, THRESHER **",39865,17049.4108764942,14428
2010,"LOBSTERS, SLIPPER **",21,231.611070958752,196
2010,"TENPOUNDER, HAWAIIAN",1127,1387.30304747742,1174
2010,"LOBSTER, BANDED SPINY",9419,137657.331010852,116492
2010,"HERRING, LAKE OR CISCO",486,1148.6018416934,972
2010,"SQUIDS, LOLIGINIDAE **",5978,15487.2178366602,13106
2010,"LEATHERSKIN, LARGEMOUTHED",255,595.571325322504,504
2010,"CRABS, DECAPODA (ORDER) **",11728,61027.153819356,51644
2010,"GROUPERS, SERRANIDAE (FAMILY) **",9701,53069.6591671303,44910
2010,"SNAPPERS, LUTJANIDAE (FAMILY) **",232713,1480667.12454569,1253009
2010,"SHARKS, CHONDRICHTHYES (CLASS) **",4,NA,NA
2010,"BARRACUDAS, SPHYRAENIDAE (FAMILY) **",27619,31902.061646293,26997
2011,"OPAH",1564414,3303191.76272654,2853437
2011,"WAHOO",563953,2090842.10647813,1806158
2011,"EELS **",490,659.842605515429,570
2011,"ESCOLAR",16812,23334.1182445167,20157
2011,"OILFISH",630529,1004539.75216226,867764
2011,"SEAWEED",10914,106218.452827498,91756
2011,"JACKS **",21466,74881.7171585457,64686
2011,"MILKFISH",684,944.616782632614,816
2011,"SAILFISH",17898,30124.7089882947,26023
2011,"TUNAS **",13687,52629.9723107955,45464
2011,"ALFONSINO",12,97.2399629180632,84
2011,"SWORDFISH",2592038,7720321.70875399,6669141
2011,"LIMPETS **",7766,53748.2318843532,46430
2011,"MULLETS **",220,421.37317264494,364
2011,"DOLPHINFISH",1423369,4994150.72836463,4314159
2011,"EMPERORS **",4962,18790.4652153095,16232
2011,"HERRINGS **",148,299.823218997361,259
2011,"JACK, BLACK",68,355.388912093398,307
2011,"POMFRETS **",427365,1677907.97347215,1449448
2011,"TILAPIAS **",212,280.143702692515,242
2011,"MARLIN, BLUE",915694,1433685.17612901,1238478
2011,"OCTOPUSES **",18477,93160.5149499292,80476
2011,"SCAD, BIGEYE",166359,622530.242601441,537768
2011,"TUNA, BIGEYE",12879550,61481167.00544,53110037
2011,"AMBERJACKS **",2912,6001.0948543719,5184
2011,"BILLFISHES **",665,1642.66080215157,1419
2011,"GOATFISHES **",44723,261480.575523884,225878
2011,"MARLIN, BLACK",337,487.357433196483,421
2011,"RUDDERFISH **",20319,33898.5456444005,29283
2011,"THREADFINS **",512,4371.16785688817,3776
2011,"HERRING, ROUND",161,372.753191185909,322
2011,"SCAD, MACKEREL",156796,493444.191827712,426258
2011,"SPEARFISHES **",469238,611953.081396889,528631
2011,"SUNFISH, OCEAN",213,64.8266419453754,56
2011,"TUNA, ALBACORE",1592234,2959521.42378338,2556560
2011,"TUNA, KAWAKAWA",2089,6080.97053819745,5253
2011,"TUNA, SKIPJACK",631691,1170960.1606035,1011525
2011,"FLYINGFISHES **",1,2.31523721233484,2
2011,"MARLIN, STRIPED",910390,1315084.83468995,1136026
2011,"MULLET, STRIPED",9275,46789.7864426809,40419
2011,"PARROTFISHES **",62387,247750.061236132,214017
2011,"RUNNER, RAINBOW",2537,4728.87200619391,4085
2011,"SHARKS, MAKO **",131482,117389.472377013,101406
2011,"TUNA, YELLOWFIN",3399871,11459463.3776143,9899170
2011,"SURGEONFISHES **",97629,204532.685812084,176684
2011,"TRIGGERFISHES **",508,774.446847526003,669
2011,"CUCUMBERS, SEA **",181,1327.78854127403,1147
2011,"MACKEREL, FRIGATE",13,28.9404651541855,25
2011,"SCORPIONFISHES **",1844,10294.7022646469,8893
2011,"SHRIMP, MARINE **",1169,8685.61240207414,7503
2011,"SNAPPER, GLASSEYE",2859,12018.3963692301,10382
2011,"SQUIRRELFISHES **",55878,275917.237161398,238349
2011,"VERTEBRATES, JAWED",17394,54636.1253552837,47197
2011,"JOBFISH, GREEN /UKU",93825,481942.093356832,416322
2011,"SHARKS, THRESHER **",44315,16066.5886349976,13879
2011,"LOBSTERS, SLIPPER **",3,30.0980837603529,26
2011,"TENPOUNDER, HAWAIIAN",1358,3105.89072034718,2683
2011,"LOBSTER, BANDED SPINY",10013,120476.841199662,104073
2011,"SHARKS, HAMMERHEAD **",73,207.213730503968,179
2011,"HERRING, LAKE OR CISCO",2248,5048.37474149611,4361
2011,"SQUIDS, LOLIGINIDAE **",2670,7834.76272654109,6768
2011,"SHARK, WHITETIP, OCEANIC",42,24.3099907295158,21
2011,"LEATHERSKIN, LARGEMOUTHED",308,852.00729413922,736
2011,"CRABS, DECAPODA (ORDER) **",8949,53123.1178370229,45890
2011,"GROUPERS, SERRANIDAE (FAMILY) **",10712,53885.9884984872,46549
2011,"SNAPPERS, LUTJANIDAE (FAMILY) **",175249,1155757.1554487,998392
2011,"BARRACUDAS, SPHYRAENIDAE (FAMILY) **",52636,57787.1632012714,49919
2011,"URCHINS, SEA, STRONGYLOCENTROTUS (GENUS) **",2,20.8371349110135,18
2012,"OPAH",1549415,3594199.79585694,3162942
2012,"WAHOO",652126,2647437.48263224,2329779
2012,"EELS **",397,492.038270574059,433
2012,"ESCOLAR",9900,13357.7595163927,11755
2012,"OILFISH",601595,966784.748161222,850783
2012,"SEAWEED",11836,98571.2880893213,86744
2012,"JACKS **",34493,127112.916823752,111861
2012,"SAILFISH",19211,40402.8191922879,35555
2012,"TUNAS **",59854,263595.015035225,231967
2012,"ALFONSINO",11,72.7262108931634,64
2012,"CORALS **",699,55381.0095951439,48736
2012,"SWORDFISH",2380900,7605849.17858768,6693245
2012,"LIMPETS **",6986,57266.2093431401,50395
2012,"MULLETS **",240,776.125031875478,683
2012,"DOLPHINFISH",1745692,6032731.23769857,5308881
2012,"EMPERORS **",4828,17846.3303449552,15705
2012,"JACK, BLACK",434,1301.1173667605,1145
2012,"POMFRETS **",730826,2382712.93863408,2096818
2012,"TILAPIAS **",356,1170.43745656185,1030
2012,"JACK, ALMACO",2331,4832.88398325975,4253
2012,"MARLIN, BLUE",800027,1653378.13269199,1454994
2012,"OCTOPUSES **",23899,121157.321959829,106620
2012,"SCAD, BIGEYE",206265,782134.035050526,688288
2012,"TUNA, BIGEYE",13963977,73475168.1398821,64659092
2012,"BILLFISHES **",723,2020.4250463757,1778
2012,"GOATFISHES **",47387,255368.998774982,224728
2012,"MARLIN, BLACK",2191,4387.43594153912,3861
2012,"RUDDERFISH **",29461,50082.2233233498,44073
2012,"THREADFINS **",198,1456.79691195368,1282
2012,"HERRING, ROUND",500,1136.34704520568,1000
2012,"MACKEREL, CHUB",3,11.3634704520568,10
2012,"SCAD, MACKEREL",176976,559965.687895318,492777
2012,"SPEARFISHES **",365247,763341.127616914,671750
2012,"SUNFISH, OCEAN",24,2.27269409041136,2
2012,"TUNA, ALBACORE",1933940,4659925.14489717,4100794
2012,"TUNA, KAWAKAWA",3714,12889.584533768,11343
2012,"TUNA, SKIPJACK",534285,1051984.64056961,925760
2012,"FLYINGFISHES **",3,7.95442931643975,7
2012,"MARLIN, STRIPED",657099,1623730.83828257,1428904
2012,"MULLET, STRIPED",7128,35027.897668465,30825
2012,"PARROTFISHES **",79730,327857.713135697,288519
2012,"RUNNER, RAINBOW",2727,6836.26382395736,6016
2012,"SHARKS, MAKO **",123621,134057.133617004,117972
2012,"TUNA, YELLOWFIN",3651459,15191857.7377661,13369030
2012,"SURGEONFISHES **",128020,265317.717155757,233483
2012,"TRIGGERFISHES **",1994,2499.96349945249,2200
2012,"SCORPIONFISHES **",2738,18497.457201858,16278
2012,"SHRIMP, MARINE **",2647,23803.0615559233,20947
2012,"SNAPPER, GLASSEYE",3418,14495.2429086436,12756
2012,"SQUIRRELFISHES **",47418,239068.100411506,210383
2012,"VERTEBRATES, JAWED",19669,63566.1173617604,55939
2012,"JOBFISH, GREEN /UKU",92197,472421.511532673,415737
2012,"SHARKS, THRESHER **",30529,14152.0661009915,12454
2012,"LOBSTERS, SLIPPER **",19,107.952969294539,95
2012,"TENPOUNDER, HAWAIIAN",923,1854.51837777567,1632
2012,"LOBSTER, BANDED SPINY",8256,111223.376090641,97878
2012,"HERRING, LAKE OR CISCO",546,1240.8909733646,1092
2012,"SQUIDS, LOLIGINIDAE **",3761,12817.99466992,11280
2012,"LEATHERSKIN, LARGEMOUTHED",472,1280.6631199468,1127
2012,"CRABS, DECAPODA (ORDER) **",33723,168132.772461587,147959
2012,"GROUPERS, SERRANIDAE (FAMILY) **",13903,77080.6927703915,67832
2012,"SNAPPERS, LUTJANIDAE (FAMILY) **",215513,1502155.34061011,1321916
2012,"SHARKS, CHONDRICHTHYES (CLASS) **",111,90.9077636164542,80
2012,"BARRACUDAS, SPHYRAENIDAE (FAMILY) **",24911,45261.8391575874,39831
2012,"BUTTERFLYFISHES, CHAETODONTIDAE (FAMILY) **",3,5.68173522602839,5
2012,"URCHINS, SEA, STRONGYLOCENTROTUS (GENUS) **",4,56.8173522602839,50
2013,"OPAH",2071806,3576918.57231873,3202789
2013,"WAHOO",744325,2652981.96452984,2375492
2013,"EELS **",847,1224.0277942947,1096
2013,"ESCOLAR",9728,13679.8507776604,12249
2013,"OILFISH",578295,459144.440502224,411120
2013,"SEAWEED",12000,116653.422600064,104452
2013,"JACKS **",20069,71997.6275682449,64467
2013,"MILKFISH",936,1415.00293373302,1267
2013,"SAILFISH",11876,18993.6502715054,17007
2013,"TUNAS **",2957,11716.4923265928,10491
2013,"ALFONSINO",47,209.960972014054,188
2013,"CORALS **",3167,273475.282861987,244871
2013,"SWORDFISH",1673808,5017889.65776063,4493041
2013,"LIMPETS **",14163,104076.983739158,93191
2013,"MULLETS **",565,1846.09301457038,1653
2013,"DOLPHINFISH",1514901,4611978.14135974,4129586
2013,"EMPERORS **",5336,20154.0196859874,18046
2013,"JACK, BLACK",1399,4355.5733556107,3900
2013,"POMFRETS **",1142294,2876580.34840168,2575703
2013,"TILAPIAS **",148,563.99090886754,505
2013,"MARLIN, BLUE",947513,1638756.5547065,1467350
2013,"OCTOPUSES **",25760,129857.51074965,116275
2013,"SCAD, BIGEYE",185699,717050.223838423,642050
2013,"TUNA, BIGEYE",15693835,73833861.3516401,66111172
2013,"AMBERJACKS **",1740,4798.94838693825,4297
2013,"GOATFISHES **",51887,285612.813946289,255739
2013,"MARLIN, BLACK",4177,5388.62601046709,4825
2013,"RUDDERFISH **",29495,49107.4143639893,43971
2013,"THREADFINS **",72,521.551988992358,467
2013,"HERRING, ROUND",514,1148.08446399174,1028
2013,"MACKEREL, CHUB",6,25.6867146612939,23
2013,"SCAD, MACKEREL",175187,563510.678984742,504570
2013,"SPEARFISHES **",474723,685662.175336003,613945
2013,"SUNFISH, OCEAN",67,7.81769576648075,7
2013,"TUNA, ALBACORE",805553,1964511.00278631,1759032
2013,"TUNA, KAWAKAWA",5240,15982.7205877294,14311
2013,"TUNA, SKIPJACK",929314,1492765.5535222,1336629
2013,"FLYINGFISHES **",1,2.23362736185164,2
2013,"MARLIN, STRIPED",983240,1485397.93366913,1330032
2013,"MULLET, STRIPED",5615,28249.8020590186,25295
2013,"PARROTFISHES **",85458,351119.520400993,314394
2013,"RUNNER, RAINBOW",2685,8087.9646772648,7242
2013,"SHARKS, MAKO **",97828,115283.092213568,103225
2013,"TUNA, YELLOWFIN",3463533,14058288.6775105,12587855
2013,"SURGEONFISHES **",127541,259681.517088872,232520
2013,"TRIGGERFISHES **",789,1307.78882036414,1171
2013,"CABRILLA, SPOTTED",11,14.5185778520357,13
2013,"SCORPIONFISHES **",2472,15785.0445662056,14134
2013,"SHRIMP, MARINE **",9950,90964.4743114081,81450
2013,"SNAPPER, GLASSEYE",5817,23698.7863092459,21220
2013,"SQUIRRELFISHES **",55988,277013.34860316,248039
2013,"VERTEBRATES, JAWED",16248,58384.7856114401,52278
2013,"JOBFISH, GREEN /UKU",102633,483297.769979606,432747
2013,"SHARKS, THRESHER **",11144,4918.44745079732,4404
2013,"LOBSTERS, SLIPPER **",52,462.36086390329,414
2013,"TENPOUNDER, HAWAIIAN",698,1343.52685815376,1203
2013,"LOBSTER, BANDED SPINY",8823,105732.10161429,94673
2013,"SQUIDS, LOLIGINIDAE **",3124,11609.2782132239,10395
2013,"LEATHERSKIN, LARGEMOUTHED",284,780.652762967149,699
2013,"CRABS, DECAPODA (ORDER) **",39445,189986.759330696,170115
2013,"GROUPERS, SERRANIDAE (FAMILY) **",12211,65740.1205140175,58864
2013,"SNAPPERS, LUTJANIDAE (FAMILY) **",254700,1753473.42238384,1570068
2013,"SHARKS, CHONDRICHTHYES (CLASS) **",227,154.120287967763,138
2013,"BARRACUDAS, SPHYRAENIDAE (FAMILY) **",23307,35513.5582397602,31799
2013,"BUTTERFLYFISHES, CHAETODONTIDAE (FAMILY) **",5,6.70088208555493,6
2013,"URCHINS, SEA, STRONGYLOCENTROTUS (GENUS) **",6,83.7610260694366,75
2014,"OPAH",2004422,3190034.18432491,2909738
2014,"WAHOO",1055518,3069467.44279946,2799765
2014,"EELS **",985,1488.81666401347,1358
2014,"ESCOLAR",5431,8608.38618986285,7852
2014,"OILFISH",530897,446009.127580235,406820
2014,"SEAWEED",12140,141672.197783856,129224
2014,"JACKS **",20893,76851.6637192048,70099
2014,"MILKFISH",1937,3346.00033767975,3052
2014,"SAILFISH",34466,36620.723879265,33403
2014,"TUNAS **",3641,13419.0839230669,12240
2014,"ALFONSINO",133,649.027588435916,592
2014,"CORALS **",1304,128704.801979768,117396
2014,"SWORDFISH",2479617,5925209.66219482,5404584
2014,"LIMPETS **",11139,79694.4484097696,72692
2014,"MULLETS **",1934,6268.81714641312,5718
2014,"DOLPHINFISH",1689271,4837270.5890968,4412238
2014,"EMPERORS **",3549,13537.487604741,12348
2014,"JACK, BLACK",460,1201.57810291514,1096
2014,"POMFRETS **",1243062,2703060.67187658,2465553
2014,"TILAPIAS **",242,939.555140691858,857
2014,"MARLIN, BLUE",1220251,1761504.72823051,1606728
2014,"OCTOPUSES **",20343,101592.551537166,92666
2014,"SCAD, BIGEYE",197468,733284.963911682,668854
2014,"TUNA, BIGEYE",15948303,66551117.8906786,60703524
2014,"AMBERJACKS **",2699,6154.79878628248,5614
2014,"BILLFISHES **",382,687.399151941417,627
2014,"GOATFISHES **",53597,268695.228951697,245086
2014,"MARLIN, BLACK",21720,36860.8202337709,33622
2014,"RUDDERFISH **",15218,30869.3746749832,28157
2014,"THREADFINS **",181,1466.89005629604,1338
2014,"CRUSTACEANS **",187,388.100956598504,354
2014,"HERRING, ROUND",4236,10329.6248956811,9422
2014,"SCAD, MACKEREL",158546,502939.371857769,458748
2014,"SPEARFISHES **",499938,570419.603438545,520299
2014,"SUNFISH, OCEAN",33,3.28899115761444,3
2014,"TUNA, ALBACORE",502083,1090889.2981664,995037
2014,"TUNA, KAWAKAWA",12627,38586.4442611326,35196
2014,"TUNA, SKIPJACK",498227,740101.946251031,675072
2014,"MARLIN, STRIPED",1076486,1707075.21356315,1557081
2014,"MULLET, STRIPED",5772,29813.608513389,27194
2014,"PARROTFISHES **",73679,316394.371380194,288594
2014,"RUNNER, RAINBOW",4586,9439.40462235344,8610
2014,"SHARKS, MAKO **",91134,117094.663193389,106806
2014,"TUNA, YELLOWFIN",3330788,12317902.2752379,11235575
2014,"SURGEONFISHES **",98688,206309.644674067,188182
2014,"TRIGGERFISHES **",1257,2541.29383445009,2318
2014,"MACKEREL, FRIGATE",18,42.7568850489877,39
2014,"SCORPIONFISHES **",1761,12918.0609367236,11783
2014,"SHRIMP, MARINE **",15593,111219.428655504,101447
2014,"SNAPPER, GLASSEYE",6918,30152.3746026233,27503
2014,"SQUIRRELFISHES **",52715,261259.916274717,238304
2014,"VERTEBRATES, JAWED",12866,48457.8030555194,44200
2014,"JOBFISH, GREEN /UKU",82416,401241.572603559,365986
2014,"SHARKS, THRESHER **",12716,6124.10153547808,5586
2014,"LOBSTERS, SLIPPER **",106,922.013854517914,841
2014,"TENPOUNDER, HAWAIIAN",323,506.504638272623,462
2014,"LOBSTER, BANDED SPINY",10172,114118.126195748,104091
2014,"SHARKS, HAMMERHEAD **",51,237.903693734111,217
2014,"HERRING, LAKE OR CISCO",1157,2536.9085129066,2314
2014,"SQUIDS, LOLIGINIDAE **",3137,11604.6571344496,10585
2014,"LEATHERSKIN, LARGEMOUTHED",272,717.000072359947,654
2014,"CRABS, DECAPODA (ORDER) **",25686,123207.801425009,112382
2014,"GROUPERS, SERRANIDAE (FAMILY) **",9608,55030.3037188189,50195
2014,"SNAPPERS, LUTJANIDAE (FAMILY) **",286288,2035869.08160755,1856985
2014,"SHARKS, CHONDRICHTHYES (CLASS) **",44,24.1192684891725,22
2014,"BARRACUDAS, SPHYRAENIDAE (FAMILY) **",18590,20037.630462573,18277
2014,"URCHINS, SEA, STRONGYLOCENTROTUS (GENUS) **",5,76.7431270110035,70
2015,"OPAH",2067231,3419717.29298545,3150568
2015,"WAHOO",992977,2526936.8960784,2328054
2015,"ESCOLAR",49,112.884596831583,104
2015,"OILFISH",482813,299034.55329331,275499
2015,"SEAWEED",4108,55728.0862550686,51342
2015,"JACKS **",929,2487.80284555758,2292
2015,"MILKFISH",59,79.2363035452457,73
2015,"SAILFISH",34897,31157.2341543326,28705
2015,"TUNAS **",658,4755.26364153043,4381
2015,"ALFONSINO",7,55.3568696001032,51
2015,"SWORDFISH",2044215,5024634.51071979,4629170
2015,"LIMPETS **",626,4644.54990233022,4279
2015,"MULLETS **",132,405.950377067423,374
2015,"DOLPHINFISH",1131796,3719313.01297647,3426584
2015,"EMPERORS **",185,930.212495044871,857
2015,"POMFRETS **",1339002,3118997.06874137,2873516
2015,"MARLIN, BLUE",1440360,1778751.89885328,1638755
2015,"OCTOPUSES **",2149,10586.187239408,9753
2015,"SCAD, BIGEYE",16919,62504.4183514106,57585
2015,"TUNA, BIGEYE",18701277,76795894.8634963,70751664
2015,"GOATFISHES **",2470,11606.490326155,10693
2015,"MARLIN, BLACK",10865,15628.0040882801,14398
2015,"RUDDERFISH **",633,1254.75571093567,1156
2015,"THREADFINS **",14,54.2714407844149,50
2015,"SCAD, MACKEREL",19069,54422.3153897955,50139
2015,"SPEARFISHES **",599748,587288.627589204,541066
2015,"TUNA, ALBACORE",649216,1121570.33896427,1033297
2015,"TUNA, KAWAKAWA",10150,29677.7946785494,27342
2015,"TUNA, SKIPJACK",435100,590094.461077758,543651
2015,"MARLIN, STRIPED",1165261,1478478.87128127,1362115
2015,"MULLET, STRIPED",51,245.306912345555,226
2015,"PARROTFISHES **",1286,4571.82617167911,4212
2015,"RUNNER, RAINBOW",1092,1658.53523037172,1528
2015,"SHARKS, MAKO **",93862,100860.216411388,92922
2015,"TUNA, YELLOWFIN",3136039,10002785.5324077,9215515
2015,"SURGEONFISHES **",3005,8160.25383634462,7518
2015,"SCORPIONFISHES **",836,7780.35375085371,7168
2015,"SHRIMP, MARINE **",7555,46372.7752926511,42723
2015,"SNAPPER, GLASSEYE",2990,13134.7740986441,12101
2015,"SQUIRRELFISHES **",7577,35140.7579079086,32375
2015,"VERTEBRATES, JAWED",3297,15391.3806064601,14180
2015,"JOBFISH, GREEN /UKU",50662,243086.124988657,223954
2015,"SHARKS, THRESHER **",8837,4689.05248377344,4320
2015,"SQUIDS, LOLIGINIDAE **",466,1288.40400422201,1187
2015,"LEATHERSKIN, LARGEMOUTHED",4,8.68343052550638,8
2015,"GROUPERS, SERRANIDAE (FAMILY) **",5187,34155.1885432637,31467
2015,"SNAPPERS, LUTJANIDAE (FAMILY) **",127496,977274.517635484,900358
2015,"BARRACUDAS, SPHYRAENIDAE (FAMILY) **",21754,15000.6262328123,13820
2015,"URCHINS, SEA, STRONGYLOCENTROTUS (GENUS) **",24,1172.26312094336,1080
2016,"WAHOO",1144288,3524293.85622312,3279394
2016,"EELS **",463,639.433640621638,595
2016,"ESCOLAR",4746,9697.89776969691,9024
2016,"OILFISH",439932,271602.394219607,252729
2016,"SEAWEED",7868,102913.351753293,95762
2016,"JACKS **",17679,72267.8228525087,67246
2016,"MILKFISH",1672,2600.72169799053,2420
2016,"SAILFISH",37095,45710.3705381525,42534
2016,"TUNAS **",5453,19049.7490985868,17726
2016,"ALFONSINO",12,78.4515222947556,73
2016,"SWORDFISH",1640189,5172518.42717882,4813085
2016,"LIMPETS **",8807,66820.2781057674,62177
2016,"MULLETS **",864,3276.69440379055,3049
2016,"DOLPHINFISH",1193387,4848654.42297025,4511726
2016,"EMPERORS **",2882,13063.7904796582,12156
2016,"POMFRETS **",1166128,3763430.21635335,3501913
2016,"MARLIN, BLUE",1301749,2253887.51792541,2097267
2016,"OCTOPUSES **",27865,141756.527394685,131906
2016,"SCAD, BIGEYE",285838,995752.932135705,926559
2016,"TUNA, BIGEYE",17641587,77730738.7242279,72329303
2016,"AMBERJACKS **",3209,6918.77945936488,6438
2016,"GOATFISHES **",53794,243239.482214084,226337
2016,"MARLIN, BLACK",18449,32957.1621125105,30667
2016,"RUDDERFISH **",13512,27259.2173014586,25365
2016,"THREADFINS **",265,2293.3636791371,2134
2016,"SCAD, MACKEREL",82157,265089.843190754,246669
2016,"SPEARFISHES **",773727,886085.22671635,824512
2016,"SUNFISH, OCEAN",1556158,3564196.66475469,3316524
2016,"TUNA, ALBACORE",610606,1176175.31323783,1094444
2016,"TUNA, KAWAKAWA",6165,16928.3339614656,15752
2016,"TUNA, SKIPJACK",552509,846749.848373437,787910
2016,"MARLIN, STRIPED",1006542,2080781.54728607,1936190
2016,"MULLET, STRIPED",4942,25165.743802415,23417
2016,"PARROTFISHES **",43127,214099.577734326,199222
2016,"RUNNER, RAINBOW",4204,11807.4914445545,10987
2016,"SHARKS, MAKO **",113307,87312.2456005126,81245
2016,"TUNA, YELLOWFIN",4690743,15284337.1752867,14222243
2016,"SURGEONFISHES **",88222,184456.723769172,171639
2016,"TRIGGERFISHES **",327,987.629438203841,919
2016,"SCORPIONFISHES **",2070,14341.5830825139,13345
2016,"SHRIMP, MARINE **",3715,29548.2822670453,27495
2016,"SNAPPER, GLASSEYE",7093,31942.6657146167,29723
2016,"SQUIRRELFISHES **",48459,257422.012895233,239534
2016,"VERTEBRATES, JAWED",13703,55442.6580162526,51590
2016,"JOBFISH, GREEN /UKU",113651,606042.308440537,563929
2016,"SHARKS, THRESHER **",3894,1557.20898363152,1449
2016,"LOBSTERS, SLIPPER **",138,1149.90587473135,1070
2016,"TENPOUNDER, HAWAIIAN",846,1832.32665085696,1705
2016,"LOBSTER, BANDED SPINY",3191,29478.4281718513,27430
2016,"SQUIDS, LOLIGINIDAE **",842,3685.07219107831,3429
2016,"LEATHERSKIN, LARGEMOUTHED",146,375.062757272188,349
2016,"CRABS, DECAPODA (ORDER) **",7389,52003.6871759346,48390
2016,"GROUPERS, SERRANIDAE (FAMILY) **",11535,67485.5040276914,62796
2016,"SNAPPERS, LUTJANIDAE (FAMILY) **",266362,1835911.77795799,1708336
2016,"BARRACUDAS, SPHYRAENIDAE (FAMILY) **",21765,23624.6549945974,21983
2017,"OPAH",1812022,3377930.22016999,3202803
2017,"WAHOO",972832,3233394.85123455,3065761
2017,"EELS **",728,1130.61627456395,1072
2017,"ESCOLAR",5229,10665.9723737548,10113
2017,"OILFISH",318062,276781.613961162,262432
2017,"SEAWEED",8096,115546.45202997,109556
2017,"JACKS **",33004,155224.544255129,147177
2017,"MILKFISH",1576,2669.39346168036,2531
2017,"SAILFISH",38234,60801.2104592695,57649
2017,"TUNAS **",7878,32536.8582745315,30850
2017,"SWORDFISH",2560680,6141903.10819158,5823479
2017,"LIMPETS **",8955,75710.1579007209,71785
2017,"MULLETS **",764,2926.73522566693,2775
2017,"DOLPHINFISH",954252,3639887.26103855,3451179
2017,"EMPERORS **",8299,41001.7148227126,38876
2017,"JACK, BLACK",74,217.263948283743,206
2017,"POMFRETS **",980398,3466322.89738193,3286613
2017,"MARLIN, BLUE",1543533,2235450.91215801,2119555
2017,"OCTOPUSES **",19236,101092.071392937,95851
2017,"SCAD, BIGEYE",248824,858578.608366766,814066
2017,"TUNA, BIGEYE",16976424,68330282.7058499,64787731
2017,"AMBERJACKS **",3385,7075.84383027007,6709
2017,"GOATFISHES **",37153,176752.65936371,167589
2017,"MARLIN, BLACK",17272,25078.1658363633,23778
2017,"RUDDERFISH **",12224,21169.5241259772,20072
2017,"THREADFINS **",217,1665.3387103885,1579
2017,"HERRING, ROUND",4697,14708.5583629373,13946
2017,"SCAD, MACKEREL",57185,191689.028468537,181751
2017,"SPEARFISHES **",689858,832254.866205533,789107
2017,"TUNA, ALBACORE",276556,532480.187503916,504874
2017,"TUNA, KAWAKAWA",6720,18176.3441005924,17234
2017,"TUNA, SKIPJACK",492728,812616.736511148,770487
2017,"MARLIN, STRIPED",1019406,1778460.45456845,1686257
2017,"MULLET, STRIPED",4210,22157.75868686,21009
2017,"PARROTFISHES **",56551,287197.627326454,272308
2017,"RUNNER, RAINBOW",4324,13352.2407052048,12660
2017,"SHARKS, MAKO **",90073,74019.506885678,70182
2017,"TUNA, YELLOWFIN",7267828,22331197.5436727,21173447
2017,"SURGEONFISHES **",85903,181593.637628867,172179
2017,"TRIGGERFISHES **",310,763.587857074904,724
2017,"SCORPIONFISHES **",1633,12450.4898518912,11805
2017,"SHRIMP, MARINE **",1665,14904.728724009,14132
2017,"SNAPPER, GLASSEYE",4641,21116.7901579471,20022
2017,"SQUIRRELFISHES **",55955,274810.418236199,260563
2017,"VERTEBRATES, JAWED",10022,40419.5318156611,38324
2017,"JOBFISH, GREEN /UKU",124297,633549.05595092,600703
2017,"SHARKS, THRESHER **",4436,2485.87925293584,2357
2017,"LOBSTERS, SLIPPER **",88,785.736123647518,745
2017,"TENPOUNDER, HAWAIIAN",1170,2302.36504419132,2183
2017,"LOBSTER, BANDED SPINY",3110,21076.7123422443,19984
2017,"SQUIDS, LOLIGINIDAE **",1308,5926.24332721531,5619
2017,"LEATHERSKIN, LARGEMOUTHED",226,607.495311706001,576
2017,"CRABS, DECAPODA (ORDER) **",5095,38291.1888659689,36306
2017,"GROUPERS, SERRANIDAE (FAMILY) **",14575,82026.6325913585,77774
2017,"SNAPPERS, LUTJANIDAE (FAMILY) **",297997,2135290.12264048,2024587
2017,"BARRACUDAS, SPHYRAENIDAE (FAMILY) **",14177,20187.6176412579,19141
2018,"OPAH",2326858,3400554.31409102,3301313
2018,"WAHOO",1147973,3131055.29130436,3039679
2018,"ESCOLAR",7456,14932.7967058493,14497
2018,"OILFISH",303110,241774.926536541,234719
2018,"SEAWEED",6082,86949.5230416052,84412
2018,"JACKS **",22792,93491.4414991377,90763
2018,"MILKFISH",1744,2877.9908944018,2794
2018,"SAILFISH",29404,34373.141068786,33370
2018,"TUNAS **",2304,14916.3157272128,14481
2018,"SWORDFISH",1743649,3809864.56883474,3698678
2018,"LIMPETS **",10700,77487.3811819148,75226
2018,"MULLETS **",103,473.828135799867,460
2018,"DOLPHINFISH",1008296,3598126.22586325,3493119
2018,"EMPERORS **",4278,19847.2185230257,19268
2018,"POMFRETS **",929604,2940410.54086528,2854598
2018,"MARLIN, BLUE",1329053,1665639.80528795,1617030
2018,"OCTOPUSES **",12603,68078.8025027931,66092
2018,"SCAD, BIGEYE",246225,858797.015158623,833734
2018,"TUNA, BIGEYE",15977751,68521072.6546875,66521363
2018,"AMBERJACKS **",3262,7331.97537092055,7118
2018,"GOATFISHES **",32057,147466.646533731,143163
2018,"MARLIN, BLACK",16041,24375.3674034088,23664
2018,"RUDDERFISH **",11805,23276.2921405861,22597
2018,"THREADFINS **",179,1429.72489671786,1388
2018,"CRUSTACEANS **",13153,132566.811785155,128698
2018,"SCAD, MACKEREL",52668,169072.17946504,164138
2018,"SPEARFISHES **",484741,595178.611561707,577809
2018,"TUNA, ALBACORE",220051,404894.382530305,393078
2018,"TUNA, KAWAKAWA",5445,17417.3042353042,16909
2018,"TUNA, SKIPJACK",370285,670865.445827583,651287
2018,"MARLIN, STRIPED",1258755,1752109.31982677,1700976
2018,"MULLET, STRIPED",3677,18639.9868379009,18096
2018,"PARROTFISHES **",52404,264797.823630591,257070
2018,"RUNNER, RAINBOW",2969,7934.56115231821,7703
2018,"SHARKS, MAKO **",92189,63882.3333174699,62018
2018,"TUNA, YELLOWFIN",7337181,27426405.4833106,26625997
2018,"SURGEONFISHES **",66466,141187.393673218,137067
2018,"TRIGGERFISHES **",544,1467.83715981481,1425
2018,"SCORPIONFISHES **",1744,10311.9423206358,10011
2018,"SHRIMP, MARINE **",6957,67877.9405756605,65897
2018,"SNAPPER, GLASSEYE",3585,16075.1345375929,15606
2018,"SQUIRRELFISHES **",40603,197206.24005874,191451
2018,"VERTEBRATES, JAWED",11854,40066.2891265379,38897
2018,"JOBFISH, GREEN /UKU",70205,384209.724280311,372997
2018,"LOBSTERS, SLIPPER **",23,240.004251394281,233
2018,"TENPOUNDER, HAWAIIAN",334,667.479634778943,648
2018,"LOBSTER, BANDED SPINY",1519,14001.6214128861,13593
2018,"SQUIDS, LOLIGINIDAE **",236,911.604130832353,885
2018,"LEATHERSKIN, LARGEMOUTHED",157,395.543487276411,384
2018,"CRABS, DECAPODA (ORDER) **",1460,10683.7944011222,10372
2018,"GROUPERS, SERRANIDAE (FAMILY) **",9563,53645.5854618632,52080
2018,"SNAPPERS, LUTJANIDAE (FAMILY) **",197350,1478059.48681411,1434924
2018,"SHARKS, CHONDRICHTHYES (CLASS) **",564,250.304863042104,243
2018,"BARRACUDAS, SPHYRAENIDAE (FAMILY) **",16714,14838.0310786893,14405
2019,"OPAH",1613815,3157945.01443358,3120629
2019,"WAHOO",1522778,3681669.63244805,3638165
2019,"EELS **",28,67.8011759703091,67
2019,"ESCOLAR",6870,13988.29336474,13823
2019,"OILFISH",267146,255229.937256351,252214
2019,"SEAWEED",4208,57248.4795073481,56572
2019,"JACKS **",16632,63850.4925227257,63096
2019,"MILKFISH",1476,2534.95441500932,2505
2019,"SAILFISH",46614,22688.095003796,22420
2019,"TUNAS **",11364,66184.0673255247,65402
2019,"SWORDFISH",1490701,3850075.6100641,3804581
2019,"LIMPETS **",10636,78692.8783131216,77763
2019,"MULLETS **",568,2387.20856886506,2359
2019,"DOLPHINFISH",942638,3495456.23254022,3454152
2019,"EMPERORS **",6661,31898.935357255,31522
2019,"POMFRETS **",781162,2766270.77630516,2733583
2019,"MARLIN, BLUE",1888085,1348800.16427072,1332862
2019,"OCTOPUSES **",11481,64030.6210200797,63274
2019,"SCAD, BIGEYE",228054,780779.115274924,771553
2019,"TUNA, BIGEYE",16478450,64300720.6659884,63540908
2019,"AMBERJACKS **",3197,6201.27770665752,6128
2019,"GOATFISHES **",25199,114903.766070518,113546
2019,"MARLIN, BLACK",13375,11331.9040076943,11198
2019,"RUDDERFISH **",11145,23194.0739289475,22920
2019,"THREADFINS **",434,3569.17533801911,3527
2019,"CRUSTACEANS **",13049,89864.892980468,88803
2019,"SCAD, MACKEREL",84816,240329.869868488,237490
2019,"SPEARFISHES **",461182,423126.900073693,418127
2019,"TUNA, ALBACORE",269263,493923.471280899,488087
2019,"TUNA, KAWAKAWA",5527,17730.513495161,17521
2019,"TUNA, SKIPJACK",645487,825757.605847346,816000
2019,"MARLIN, STRIPED",1407494,1246390.02982004,1231662
2019,"MULLET, STRIPED",2169,11666.8620561447,11529
2019,"PARROTFISHES **",46029,232130.987365332,229388
2019,"RUNNER, RAINBOW",4059,9574.13322171782,9461
2019,"TUNA, YELLOWFIN",5860542,20855138.7854155,20608703
2019,"SURGEONFISHES **",59048,125967.501247882,124479
2019,"TRIGGERFISHES **",109,282.336240234571,279
2019,"SCORPIONFISHES **",1592,9673.30509104753,9559
2019,"SHRIMP, MARINE **",2247,16852.1340810979,16653
2019,"SNAPPER, GLASSEYE",1596,7229.42688256549,7144
2019,"SQUIRRELFISHES **",47053,226603.673586977,223926
2019,"VERTEBRATES, JAWED",11432,37149.9846424779,36711
2019,"JOBFISH, GREEN /UKU",82773,423045.943445669,418047
2019,"LOBSTERS, SLIPPER **",134,2101.83645507958,2077
2019,"TENPOUNDER, HAWAIIAN",741,1463.29105153831,1446
2019,"LOBSTER, BANDED SPINY",3350,30389.0942446027,30030
2019,"SQUIDS, LOLIGINIDAE **",1589,8289.95870968316,8192
2019,"LEATHERSKIN, LARGEMOUTHED",258,538.36157636126,532
2019,"CRABS, DECAPODA (ORDER) **",2470,18555.259143158,18336
2019,"GROUPERS, SERRANIDAE (FAMILY) **",11304,62785.9128642068,62044
2019,"SNAPPERS, LUTJANIDAE (FAMILY) **",198162,1352994.72956022,1337007
2019,"SHARKS, CHONDRICHTHYES (CLASS) **",72544,83567.4792780317,82580
2019,"BARRACUDAS, SPHYRAENIDAE (FAMILY) **",5725,10226.8460351633,10106
2020,"WAHOO",816898,1828732,1828732
2020,"EELS **",487,688,688
2020,"ESCOLAR",4208,9338,9338
2020,"OILFISH",144904,91478,91478
2020,"SEAWEED",3818,55554,55554
2020,"JACKS **",9762,32864,32864
2020,"MILKFISH",1135,2063,2063
2020,"SAILFISH",11643,12268,12268
2020,"TUNAS **",2317,12145,12145
2020,"SWORDFISH",809676,2977141,2977141
2020,"LIMPETS **",13637,94944,94944
2020,"MULLETS **",1736,8556,8556
2020,"DOLPHINFISH",535492,1925720,1925720
2020,"EMPERORS **",6689,31036,31036
2020,"JACK, BLACK",74,262,262
2020,"POMFRETS **",524792,1367454,1367454
2020,"MARLIN, BLUE",974893,1109261,1109261
2020,"OCTOPUSES **",3676,18295,18295
2020,"SCAD, BIGEYE",267903,869180,869180
2020,"TUNA, BIGEYE",15700577,53278934,53278934
2020,"AMBERJACKS **",1684,2755,2755
2020,"GOATFISHES **",31478,135101,135101
2020,"MARLIN, BLACK",7679,8522,8522
2020,"RUDDERFISH **",9505,19319,19319
2020,"THREADFINS **",189,1519,1519
2020,"CRUSTACEANS **",9264,73858,73858
2020,"SCAD, MACKEREL",52349,160196,160196
2020,"SPEARFISHES **",272992,220508,220508
2020,"TUNA, ALBACORE",128300,225984,225984
2020,"TUNA, KAWAKAWA",2900,8770,8770
2020,"TUNA, SKIPJACK",315327,660224,660224
2020,"MARLIN, STRIPED",916504,1150073,1150073
2020,"MULLET, STRIPED",4745,26919,26919
2020,"PARROTFISHES **",44088,218269,218269
2020,"RUNNER, RAINBOW",1947,4005,4005
2020,"TUNA, YELLOWFIN",4459439,13745700,13745700
2020,"SURGEONFISHES **",64426,141501,141501
2020,"TRIGGERFISHES **",130,345,345
2020,"SCORPIONFISHES **",1599,11858,11858
2020,"SNAPPER, GLASSEYE",1102,4332,4332
2020,"SQUIRRELFISHES **",55822,286995,286995
2020,"VERTEBRATES, JAWED",821365,1719624,1719624
2020,"JOBFISH, GREEN /UKU",37530,180966,180966
2020,"LOBSTERS, SLIPPER **",184,2461,2461
2020,"LOBSTER, BANDED SPINY",1408,12628,12628
2020,"SQUIDS, LOLIGINIDAE **",3796,23605,23605
2020,"LEATHERSKIN, LARGEMOUTHED",283,626,626
2020,"CRABS, DECAPODA (ORDER) **",2656,21329,21329
2020,"GROUPERS, SERRANIDAE (FAMILY) **",8094,43347,43347
2020,"SNAPPERS, LUTJANIDAE (FAMILY) **",167341,1007575,1007575
2020,"BARRACUDAS, SPHYRAENIDAE (FAMILY) **",5587,9771,9771
