"Region","Year","fit","se.fit","inc.trend","dec.trend","threshold","se.threshold"
"Hawai'i",2003,2564.44983312681,322.124012101081,NA,NA,NA,NA
"Hawai'i",2003.03406813627,2566.22835149269,316.612293863509,NA,NA,NA,NA
"Hawai'i",2003.06813627255,2568.00591478195,311.206088116592,NA,NA,NA,NA
"Hawai'i",2003.10220440882,2569.78156791791,305.912232866556,NA,NA,NA,NA
"Hawai'i",2003.13627254509,2571.55435582398,300.737411973564,NA,NA,NA,NA
"Hawai'i",2003.17034068136,2573.32332342348,295.688118028011,NA,NA,NA,NA
"Hawai'i",2003.20440881764,2575.08751563982,290.770612204288,NA,NA,NA,NA
"Hawai'i",2003.23847695391,2576.8459773963,285.990881244807,NA,NA,NA,NA
"Hawai'i",2003.27254509018,2578.59775361633,281.354591834228,NA,NA,NA,NA
"Hawai'i",2003.30661322645,2580.34188922328,276.867042747176,NA,NA,NA,NA
"Hawai'i",2003.34068136273,2582.07742914047,272.533115285329,NA,NA,NA,NA
"Hawai'i",2003.374749499,2583.80341829129,268.357222660698,NA,NA,NA,NA
"Hawai'i",2003.40881763527,2585.5189015991,264.343259125225,NA,NA,NA,NA
"Hawai'i",2003.44288577154,2587.22292398726,260.494549782972,NA,NA,NA,NA
"Hawai'i",2003.47695390782,2588.91453037913,256.813802145203,NA,NA,NA,NA
"Hawai'i",2003.51102204409,2590.59276569807,253.303060588328,NA,NA,NA,NA
"Hawai'i",2003.54509018036,2592.25667486746,249.963664943545,NA,NA,NA,NA
"Hawai'i",2003.57915831663,2593.90530281063,246.796214473153,NA,NA,NA,NA
"Hawai'i",2003.61322645291,2595.53769445098,243.800538467186,NA,NA,NA,NA
"Hawai'i",2003.64729458918,2597.15289471184,240.975674620064,NA,NA,NA,NA
"Hawai'i",2003.68136272545,2598.74994851662,238.319856217285,NA,NA,NA,NA
"Hawai'i",2003.71543086172,2600.3279007886,235.83050898177,NA,NA,NA,NA
"Hawai'i",2003.749498998,2601.88579645121,233.504258202559,NA,NA,NA,NA
"Hawai'i",2003.78356713427,2603.42268042781,231.336946507955,NA,NA,NA,NA
"Hawai'i",2003.81763527054,2604.93759764174,229.323662362067,NA,NA,NA,NA
"Hawai'i",2003.85170340681,2606.42959301636,227.458779076362,NA,NA,NA,NA
"Hawai'i",2003.88577154309,2607.89771147504,225.736003851067,NA,NA,NA,NA
"Hawai'i",2003.91983967936,2609.34099794116,224.148436112679,NA,NA,NA,NA
"Hawai'i",2003.95390781563,2610.75849733807,222.688634205707,NA,NA,NA,NA
"Hawai'i",2003.9879759519,2612.14925458911,221.348689341202,NA,NA,NA,NA
"Hawai'i",2004.02204408818,2613.51232223025,220.120405768247,NA,NA,NA,NA
"Hawai'i",2004.05611222445,2614.84684790046,218.996592318927,NA,NA,NA,NA
"Hawai'i",2004.09018036072,2616.15204388556,217.970912147211,NA,NA,NA,NA
"Hawai'i",2004.12424849699,2617.42712370688,217.0371356363,NA,NA,NA,NA
"Hawai'i",2004.15831663327,2618.6713008857,216.18914356744,NA,NA,NA,NA
"Hawai'i",2004.19238476954,2619.88378894326,215.420944368108,NA,NA,NA,NA
"Hawai'i",2004.22645290581,2621.06380140087,214.726689724877,NA,NA,NA,NA
"Hawai'i",2004.26052104208,2622.2105517798,214.100688542868,NA,NA,NA,NA
"Hawai'i",2004.29458917836,2623.32325360134,213.5374192683,NA,NA,NA,NA
"Hawai'i",2004.32865731463,2624.40112038675,213.031540620858,NA,NA,NA,NA
"Hawai'i",2004.3627254509,2625.44336565733,212.577900807895,NA,NA,NA,NA
"Hawai'i",2004.39679358717,2626.44920293436,212.171545313179,NA,NA,NA,NA
"Hawai'i",2004.43086172345,2627.41784573909,211.807723368995,NA,NA,NA,NA
"Hawai'i",2004.46492985972,2628.34850759283,211.481893232084,NA,NA,NA,NA
"Hawai'i",2004.49899799599,2629.24040201687,211.189726392101,NA,NA,NA,NA
"Hawai'i",2004.53306613226,2630.09274253245,210.927110845586,NA,NA,NA,NA
"Hawai'i",2004.56713426854,2630.90474266087,210.690153570235,NA,NA,NA,NA
"Hawai'i",2004.60120240481,2631.67561592343,210.475182333348,NA,NA,NA,NA
"Hawai'i",2004.63527054108,2632.40457584137,210.278746965512,NA,NA,NA,NA
"Hawai'i",2004.66933867735,2633.090835936,210.097620226126,NA,NA,NA,NA
"Hawai'i",2004.70340681363,2633.73360972859,209.928798381813,NA,NA,NA,NA
"Hawai'i",2004.7374749499,2634.33211074042,209.769501612248,NA,NA,NA,NA
"Hawai'i",2004.77154308617,2634.88555249278,209.617174350762,NA,NA,NA,NA
"Hawai'i",2004.80561122244,2635.39314850691,209.469485659807,NA,NA,NA,NA
"Hawai'i",2004.83967935872,2635.85411230413,209.324329733468,NA,NA,NA,NA
"Hawai'i",2004.87374749499,2636.26765740573,209.179826611735,NA,NA,NA,NA
"Hawai'i",2004.90781563126,2636.63299733295,209.034323183365,NA,NA,NA,NA
"Hawai'i",2004.94188376754,2636.94934560708,208.886394546612,NA,NA,NA,NA
"Hawai'i",2004.97595190381,2637.21591574942,208.734845789477,NA,NA,NA,NA
"Hawai'i",2005.01002004008,2637.43192359768,208.578725044345,NA,NA,NA,NA
"Hawai'i",2005.04408817635,2637.59677304773,208.41817778521,NA,NA,NA,NA
"Hawai'i",2005.07815631263,2637.71019187133,208.254985798907,NA,NA,NA,NA
"Hawai'i",2005.1122244489,2637.77193986271,208.091123270673,NA,NA,NA,NA
"Hawai'i",2005.14629258517,2637.78177681616,207.928569708889,NA,NA,NA,NA
"Hawai'i",2005.18036072144,2637.73946252589,207.769276391326,NA,NA,NA,NA
"Hawai'i",2005.21442885772,2637.64475678619,207.615134932249,NA,NA,NA,NA
"Hawai'i",2005.24849699399,2637.49741939131,207.46794800351,NA,NA,NA,NA
"Hawai'i",2005.28256513026,2637.2972101355,207.329402258037,NA,NA,NA,NA
"Hawai'i",2005.31663326653,2637.04388881302,207.201043516397,NA,NA,NA,NA
"Hawai'i",2005.35070140281,2636.73721521813,207.084254285951,NA,NA,NA,NA
"Hawai'i",2005.38476953908,2636.37694914508,206.980233687298,NA,NA,NA,NA
"Hawai'i",2005.41883767535,2635.96285038814,206.889979864193,NA,NA,NA,NA
"Hawai'i",2005.45290581162,2635.49467874154,206.814274950708,NA,NA,NA,NA
"Hawai'i",2005.4869739479,2634.97219399955,206.753672663595,NA,NA,NA,NA
"Hawai'i",2005.52104208417,2634.39515595644,206.708488578524,NA,NA,NA,NA
"Hawai'i",2005.55511022044,2633.76332440645,206.678793136912,NA,NA,NA,NA
"Hawai'i",2005.58917835671,2633.07645914384,206.664407415757,NA,NA,NA,NA
"Hawai'i",2005.62324649299,2632.33431996284,206.664901676968,NA,NA,NA,NA
"Hawai'i",2005.65731462926,2631.53666665777,206.67959669592,NA,NA,NA,NA
"Hawai'i",2005.69138276553,2630.68325902284,206.707567852058,NA,NA,NA,NA
"Hawai'i",2005.7254509018,2629.7738568523,206.747651948201,NA,NA,NA,NA
"Hawai'i",2005.75951903808,2628.80821994043,206.798456710435,NA,NA,NA,NA
"Hawai'i",2005.79358717435,2627.78610808148,206.858372907884,NA,NA,NA,NA
"Hawai'i",2005.82765531062,2626.70728106971,206.925589021892,NA,NA,NA,NA
"Hawai'i",2005.86172344689,2625.57149869936,206.998108387681,NA,NA,NA,NA
"Hawai'i",2005.89579158317,2624.3785207647,207.073768728843,NA,NA,NA,NA
"Hawai'i",2005.92985971944,2623.12810705998,207.150264006351,NA,NA,NA,NA
"Hawai'i",2005.96392785571,2621.82001737946,207.225168509272,NA,NA,NA,NA
"Hawai'i",2005.99799599198,2620.45401151739,207.295963124037,NA,NA,NA,NA
"Hawai'i",2006.03206412826,2619.02987866315,207.360399817002,NA,NA,NA,NA
"Hawai'i",2006.06613226453,2617.54754832902,207.417828653341,NA,NA,NA,NA
"Hawai'i",2006.1002004008,2616.00699185214,207.468138862403,NA,NA,NA,NA
"Hawai'i",2006.13426853707,2614.40818057687,207.511278299455,NA,NA,NA,NA
"Hawai'i",2006.16833667335,2612.75108584755,207.547240039342,NA,NA,NA,NA
"Hawai'i",2006.20240480962,2611.03567900851,207.576050150889,NA,NA,NA,NA
"Hawai'i",2006.23647294589,2609.26193140407,207.597756560603,NA,NA,NA,NA
"Hawai'i",2006.27054108216,2607.42981437862,207.612418996171,NA,NA,NA,NA
"Hawai'i",2006.30460921844,2605.53929927645,207.620100001303,NA,NA,NA,NA
"Hawai'i",2006.33867735471,2603.5903574419,207.620857014633,NA,NA,NA,NA
"Hawai'i",2006.37274549098,2601.58296021935,207.614735506512,NA,NA,NA,NA
"Hawai'i",2006.40681362725,2599.51707895311,207.601763168669,NA,NA,NA,NA
"Hawai'i",2006.44088176353,2597.39268498749,207.581945152735,NA,NA,NA,NA
"Hawai'i",2006.4749498998,2595.2097496669,207.555260354647,NA,NA,NA,NA
"Hawai'i",2006.50901803607,2592.96824433562,207.521658742806,NA,NA,NA,NA
"Hawai'i",2006.54308617234,2590.66814033801,207.481059728764,NA,NA,NA,NA
"Hawai'i",2006.57715430862,2588.30940901838,207.43335158001,NA,NA,NA,NA
"Hawai'i",2006.61122244489,2585.89202172112,207.378391875224,NA,NA,NA,NA
"Hawai'i",2006.64529058116,2583.41594979054,207.316009003258,NA,NA,NA,NA
"Hawai'i",2006.67935871743,2580.88116457097,207.246004707928,NA,NA,NA,NA
"Hawai'i",2006.71342685371,2578.28763740676,207.168157681779,NA,NA,NA,NA
"Hawai'i",2006.74749498998,2575.63533964227,207.082228213039,NA,NA,NA,NA
"Hawai'i",2006.78156312625,2572.9242426218,206.987963891272,NA,NA,NA,NA
"Hawai'i",2006.81563126253,2570.15431768968,206.885106378669,NA,NA,NA,NA
"Hawai'i",2006.8496993988,2567.3255361903,206.773399255539,NA,NA,NA,NA
"Hawai'i",2006.88376753507,2564.43786946797,206.652596950276,NA,NA,NA,NA
"Hawai'i",2006.91783567134,2561.49128886703,206.522474766036,NA,NA,NA,NA
"Hawai'i",2006.95190380762,2558.4857657318,206.38284001837,NA,NA,NA,NA
"Hawai'i",2006.98597194389,2555.42127140665,206.23354430005,NA,NA,NA,NA
"Hawai'i",2007.02004008016,2552.29776196907,206.074583448204,NA,NA,NA,NA
"Hawai'i",2007.05410821643,2549.1149540668,205.907366502153,NA,NA,NA,NA
"Hawai'i",2007.08817635271,2545.87237424499,205.734378172791,NA,NA,NA,NA
"Hawai'i",2007.12224448898,2542.56954381222,205.558086580198,NA,NA,NA,NA
"Hawai'i",2007.15631262525,2539.20598407712,205.380886421186,NA,NA,NA,NA
"Hawai'i",2007.19038076152,2535.78121634825,205.205073736545,NA,NA,NA,NA
"Hawai'i",2007.2244488978,2532.29476193427,205.032822394581,NA,NA,NA,NA
"Hawai'i",2007.25851703407,2528.74614214374,204.866162346229,NA,NA,NA,NA
"Hawai'i",2007.29258517034,2525.13487828528,204.706959718517,NA,NA,NA,NA
"Hawai'i",2007.32665330661,2521.46049166751,204.556898821429,NA,NA,NA,NA
"Hawai'i",2007.36072144289,2517.72250359902,204.417466147882,NA,NA,NA,NA
"Hawai'i",2007.39478957916,2513.92043538843,204.289936447676,NA,NA,NA,NA
"Hawai'i",2007.42885771543,2510.05380834429,204.175360953953,NA,NA,NA,NA
"Hawai'i",2007.4629258517,2506.12214377527,204.074557835027,NA,NA,NA,NA
"Hawai'i",2007.49699398798,2502.12496298996,203.988104935914,NA,NA,NA,NA
"Hawai'i",2007.53106212425,2498.06178729691,203.916334862646,NA,NA,NA,NA
"Hawai'i",2007.56513026052,2493.93213800481,203.859332449241,NA,NA,NA,NA
"Hawai'i",2007.59919839679,2489.73553642222,203.816934632451,NA,NA,NA,NA
"Hawai'i",2007.63326653307,2485.47150385774,203.788732743799,NA,NA,NA,NA
"Hawai'i",2007.66733466934,2481.13956161995,203.774077212719,NA,NA,NA,NA
"Hawai'i",2007.70140280561,2476.73923101753,203.772084659278,NA,NA,NA,NA
"Hawai'i",2007.73547094188,2472.27003335902,203.78164734098,NA,NA,NA,NA
"Hawai'i",2007.76953907816,2467.73148995303,203.801444905836,NA,NA,NA,NA
"Hawai'i",2007.80360721443,2463.1231221082,203.829958394011,NA,NA,NA,NA
"Hawai'i",2007.8376753507,2458.44445113312,203.865486423278,NA,NA,NA,NA
"Hawai'i",2007.87174348697,2453.69499833638,203.906163489616,NA,NA,NA,NA
"Hawai'i",2007.90581162325,2448.87428502657,203.949980313885,NA,NA,NA,NA
"Hawai'i",2007.93987975952,2443.98183251234,203.994806168659,NA,NA,NA,NA
"Hawai'i",2007.97394789579,2439.01716210227,204.038413126109,NA,NA,NA,NA
"Hawai'i",2008.00801603206,2433.97979557813,204.078507741905,NA,NA,NA,NA
"Hawai'i",2008.04208416834,2428.86932130109,204.113541631792,NA,NA,NA,NA
"Hawai'i",2008.07615230461,2423.68546228444,204.143569311777,NA,NA,NA,NA
"Hawai'i",2008.11022044088,2418.42795778518,204.168875721086,NA,NA,NA,NA
"Hawai'i",2008.14428857715,2413.09654706029,204.189771815043,NA,NA,NA,NA
"Hawai'i",2008.17835671343,2407.69096936687,204.206580735594,NA,NA,NA,NA
"Hawai'i",2008.2124248497,2402.21096396191,204.219625174154,NA,NA,NA,NA
"Hawai'i",2008.24649298597,2396.65627010239,204.229215919706,NA,NA,NA,NA
"Hawai'i",2008.28056112224,2391.02662704542,204.235641586879,NA,NA,NA,NA
"Hawai'i",2008.31462925852,2385.32177404795,204.239159520203,NA,NA,NA,NA
"Hawai'i",2008.34869739479,2379.54145036703,204.239987872087,NA,NA,NA,NA
"Hawai'i",2008.38276553106,2373.68539525963,204.238298853049,NA,NA,NA,NA
"Hawai'i",2008.41683366733,2367.75334798285,204.234213153451,NA,NA,NA,NA
"Hawai'i",2008.45090180361,2361.74504779369,204.227795536405,NA,NA,NA,NA
"Hawai'i",2008.48496993988,2355.66023394914,204.219051601739,NA,NA,NA,NA
"Hawai'i",2008.51903807615,2349.49864570621,204.207925720843,NA,NA,NA,NA
"Hawai'i",2008.55310621242,2343.26002232198,204.194300142111,NA,NA,NA,NA
"Hawai'i",2008.5871743487,2336.94410305344,204.177995266394,NA,NA,NA,NA
"Hawai'i",2008.62124248497,2330.55062715758,204.158771091686,NA,NA,NA,NA
"Hawai'i",2008.65531062124,2324.07933389149,204.13632982604,NA,NA,NA,NA
"Hawai'i",2008.68937875751,2317.52996251215,204.110319667712,NA,NA,NA,NA
"Hawai'i",2008.72344689379,2310.90225227659,204.080339751673,NA,NA,NA,NA
"Hawai'i",2008.75751503006,2304.19594244177,204.045946262101,NA,NA,NA,NA
"Hawai'i",2008.79158316633,2297.41077226482,204.006659711227,NA,NA,NA,NA
"Hawai'i",2008.82565130261,2290.54648100271,203.96197338606,NA,NA,NA,NA
"Hawai'i",2008.85971943888,2283.60280791242,203.91136296604,NA,NA,NA,NA
"Hawai'i",2008.89378757515,2276.57949225105,203.854297316623,NA,NA,NA,NA
"Hawai'i",2008.92785571142,2269.47627327558,203.79025046609,NA,NA,NA,NA
"Hawai'i",2008.9619238477,2262.29289024304,203.71871477556,NA,NA,NA,NA
"Hawai'i",2008.99599198397,2255.0290824104,203.639215315088,NA,NA,NA,NA
"Hawai'i",2009.03006012024,2247.68480732232,203.551625091381,NA,NA,NA,NA
"Hawai'i",2009.06412825651,2240.26126873503,203.457566946815,NA,NA,NA,NA
"Hawai'i",2009.09819639279,2232.76011196002,203.359252184249,NA,NA,NA,NA
"Hawai'i",2009.13226452906,2225.18298282641,203.258840872541,NA,NA,NA,NA
"Hawai'i",2009.16633266533,2217.53152716311,203.15841609467,NA,NA,NA,NA
"Hawai'i",2009.2004008016,2209.8073907991,203.059960637148,NA,NA,NA,NA
"Hawai'i",2009.23446893788,2202.01221956332,202.965335440933,NA,NA,NA,NA
"Hawai'i",2009.26853707415,2194.14765928486,202.876259860625,NA,NA,NA,NA
"Hawai'i",2009.30260521042,2186.21535579264,202.794293787088,NA,NA,NA,NA
"Hawai'i",2009.33667334669,2178.2169549156,202.720821693888,NA,NA,NA,NA
"Hawai'i",2009.37074148297,2170.15410248281,202.657038670064,NA,NA,NA,NA
"Hawai'i",2009.40480961924,2162.02844432322,202.603938500855,NA,NA,NA,NA
"Hawai'i",2009.43887775551,2153.84162626581,202.562303854221,NA,NA,NA,NA
"Hawai'i",2009.47294589178,2145.59529413949,202.532698624513,NA,NA,NA,NA
"Hawai'i",2009.50701402806,2137.29109377338,202.515462475953,NA,NA,NA,NA
"Hawai'i",2009.54108216433,2128.93067099639,202.51070761792,NA,NA,NA,NA
"Hawai'i",2009.5751503006,2120.51567163744,202.518317832058,NA,NA,NA,NA
"Hawai'i",2009.60921843687,2112.04774152565,202.537949758345,NA,NA,NA,NA
"Hawai'i",2009.64328657315,2103.52852648992,202.569036434124,NA,NA,NA,NA
"Hawai'i",2009.67735470942,2094.95967235925,202.610793067289,NA,NA,NA,NA
"Hawai'i",2009.71142284569,2086.34282496257,202.66222501285,NA,NA,NA,NA
"Hawai'i",2009.74549098196,2077.67963012895,202.722137911596,NA,NA,NA,NA
"Hawai'i",2009.77955911824,2068.97173368734,202.789149940936,NA,NA,NA,NA
"Hawai'i",2009.81362725451,2060.22078146666,202.861706121731,NA,NA,NA,NA
"Hawai'i",2009.84769539078,2051.428419296,202.938094621284,NA,NA,NA,NA
"Hawai'i",2009.88176352705,2042.5962930043,203.016464991958,NA,NA,NA,NA
"Hawai'i",2009.91583166333,2033.72604842053,203.094848287226,NA,NA,NA,NA
"Hawai'i",2009.9498997996,2024.81933137362,203.171179002436,NA,NA,NA,NA
"Hawai'i",2009.98396793587,2015.87778769266,203.243318796118,NA,NA,NA,NA
"Hawai'i",2010.01803607214,2006.9030976692,203.309146670457,NA,NA,NA,NA
"Hawai'i",2010.05210420842,1997.89763462904,203.367829602148,NA,NA,NA,NA
"Hawai'i",2010.08617234469,1988.86441373454,203.419770177885,NA,NA,NA,NA
"Hawai'i",2010.12024048096,1979.80647435249,203.465448327163,NA,NA,NA,NA
"Hawai'i",2010.15430861723,1970.72685584944,203.505360716721,NA,NA,NA,NA
"Hawai'i",2010.18837675351,1961.62859759199,203.540006568287,NA,NA,NA,NA
"Hawai'i",2010.22244488978,1952.51473894689,203.569874719093,NA,NA,NA,NA
"Hawai'i",2010.25651302605,1943.38831928072,203.595431916043,NA,NA,NA,NA
"Hawai'i",2010.29058116232,1934.25237796013,203.61711233707,NA,NA,NA,NA
"Hawai'i",2010.3246492986,1925.10995435169,203.635308335408,NA,NA,NA,NA
"Hawai'i",2010.35871743487,1915.96408782216,203.650362404307,NA,NA,NA,NA
"Hawai'i",2010.39278557114,1906.81781773812,203.662560361153,NA,NA,NA,NA
"Hawai'i",2010.42685370741,1897.67418346616,203.672125750806,NA,NA,NA,NA
"Hawai'i",2010.46092184369,1888.53622437302,203.679215468607,NA,NA,NA,NA
"Hawai'i",2010.49498997996,1879.40697982529,203.683916603665,NA,NA,NA,NA
"Hawai'i",2010.52905811623,1870.28948918962,203.686244502938,NA,NA,NA,NA
"Hawai'i",2010.56312625251,1861.18679183257,203.686142056338,NA,NA,NA,NA
"Hawai'i",2010.59719438878,1852.10192712092,203.683480202656,NA,NA,NA,NA
"Hawai'i",2010.63126252505,1843.03793442123,203.678059655626,NA,NA,NA,NA
"Hawai'i",2010.66533066132,1833.99785310009,203.669613849028,NA,NA,NA,NA
"Hawai'i",2010.6993987976,1824.98472252426,203.65781309946,NA,NA,NA,NA
"Hawai'i",2010.73346693387,1816.00158206032,203.642269985347,NA,NA,NA,NA
"Hawai'i",2010.76753507014,1807.05147107491,203.622545941014,NA,NA,NA,NA
"Hawai'i",2010.80160320641,1798.1374289346,203.598159065253,NA,NA,NA,NA
"Hawai'i",2010.83567134269,1789.26249500616,203.568593144861,NA,NA,NA,NA
"Hawai'i",2010.86973947896,1780.42970865617,203.533307895108,NA,NA,NA,NA
"Hawai'i",2010.90380761523,1771.6421092512,203.491750421029,NA,NA,NA,NA
"Hawai'i",2010.9378757515,1762.90273615802,203.443367905831,NA,NA,NA,NA
"Hawai'i",2010.97194388778,1754.21462874321,203.387621535504,NA,NA,NA,NA
"Hawai'i",2011.00601202405,1745.5808248107,203.324004072326,NA,NA,NA,NA
"Hawai'i",2011.04008016032,1737.00390539179,203.252750435075,NA,NA,NA,NA
"Hawai'i",2011.07414829659,1728.48536254485,203.175779457369,NA,NA,NA,NA
"Hawai'i",2011.10821643287,1720.02652951102,203.095220407658,NA,NA,NA,NA
"Hawai'i",2011.14228456914,1711.62873953148,203.013141988714,NA,NA,NA,NA
"Hawai'i",2011.17635270541,1703.29332584754,202.931528324263,NA,NA,NA,NA
"Hawai'i",2011.21042084168,1695.02162170037,202.852256684372,NA,NA,NA,NA
"Hawai'i",2011.24448897796,1686.81496033119,202.777076986517,NA,NA,NA,NA
"Hawai'i",2011.27855711423,1678.67467498114,202.707593118899,NA,NA,NA,NA
"Hawai'i",2011.3126252505,1670.60209889157,202.64524613938,NA,NA,NA,NA
"Hawai'i",2011.34669338677,1662.59856530363,202.591299407201,NA,NA,NA,NA
"Hawai'i",2011.38076152305,1654.66540745848,202.546825705437,NA,NA,NA,NA
"Hawai'i",2011.41482965932,1646.80395859745,202.512696410109,NA,NA,NA,NA
"Hawai'i",2011.44889779559,1639.0155519617,202.489572757133,NA,NA,NA,NA
"Hawai'i",2011.48296593186,1631.30152079244,202.477899251143,NA,NA,NA,NA
"Hawai'i",2011.51703406814,1623.66319833084,202.477899251143,NA,NA,NA,NA
"Hawai'i",2011.55110220441,1616.10191781822,202.489572757132,NA,NA,NA,NA
"Hawai'i",2011.58517034068,1608.61901249574,202.512696410109,NA,NA,NA,NA
"Hawai'i",2011.61923847695,1601.21581560462,202.546825705436,NA,NA,NA,NA
"Hawai'i",2011.65330661323,1593.89366038602,202.591299407201,NA,NA,NA,NA
"Hawai'i",2011.6873747495,1586.65388008126,202.64524613938,NA,NA,NA,NA
"Hawai'i",2011.72144288577,1579.49780793151,202.707593118899,NA,NA,NA,NA
"Hawai'i",2011.75551102204,1572.42677717794,202.777076986517,NA,NA,NA,NA
"Hawai'i",2011.78957915832,1565.44212106184,202.852256684372,NA,NA,NA,NA
"Hawai'i",2011.82364729459,1558.54517282441,202.931528324263,NA,NA,NA,NA
"Hawai'i",2011.85771543086,1551.73726570684,203.013141988713,NA,NA,NA,NA
"Hawai'i",2011.89178356713,1545.01973295031,203.095220407657,NA,NA,NA,NA
"Hawai'i",2011.92585170341,1538.39390779613,203.175779457369,NA,NA,NA,NA
"Hawai'i",2011.95991983968,1531.86112348546,203.252750435075,NA,NA,NA,NA
"Hawai'i",2011.99398797595,1525.42271325949,203.324004072326,NA,NA,NA,NA
"Hawai'i",2012.02805611222,1519.07978903976,203.387621535503,NA,NA,NA,NA
"Hawai'i",2012.0621242485,1512.83194520722,203.44336790583,NA,NA,NA,NA
"Hawai'i",2012.09619238477,1506.67813960663,203.491750421029,NA,NA,NA,NA
"Hawai'i",2012.13026052104,1500.61732790498,203.533307895108,NA,NA,NA,NA
"Hawai'i",2012.16432865731,1494.64846576939,203.56859314486,NA,NA,NA,NA
"Hawai'i",2012.19839679359,1488.77050886686,203.598159065252,NA,NA,NA,NA
"Hawai'i",2012.23246492986,1482.98241286439,203.622545941014,NA,NA,NA,NA
"Hawai'i",2012.26653306613,1477.2831334291,203.642269985346,NA,NA,NA,NA
"Hawai'i",2012.3006012024,1471.671626228,203.657813099459,NA,NA,NA,NA
"Hawai'i",2012.33466933868,1466.14684692811,203.669613849028,NA,NA,NA,NA
"Hawai'i",2012.36873747495,1460.70775119646,203.678059655626,NA,NA,NA,NA
"Hawai'i",2012.40280561122,1455.35329470013,203.683480202656,NA,NA,NA,NA
"Hawai'i",2012.43687374749,1450.08243310615,203.686142056337,NA,NA,NA,NA
"Hawai'i",2012.47094188377,1444.89412208152,203.686244502937,NA,NA,NA,NA
"Hawai'i",2012.50501002004,1439.78731729333,203.683916603664,NA,NA,NA,NA
"Hawai'i",2012.53907815631,1434.76097440861,203.679215468607,NA,NA,NA,NA
"Hawai'i",2012.57314629259,1429.81404909439,203.672125750806,NA,NA,NA,NA
"Hawai'i",2012.60721442886,1424.94549701768,203.662560361154,NA,NA,NA,NA
"Hawai'i",2012.64128256513,1420.15427384557,203.650362404307,NA,NA,NA,NA
"Hawai'i",2012.6753507014,1415.43933524509,203.635308335407,NA,NA,NA,NA
"Hawai'i",2012.70941883768,1410.79963688323,203.61711233707,NA,NA,NA,NA
"Hawai'i",2012.74348697395,1406.23413442711,203.595431916043,NA,NA,NA,NA
"Hawai'i",2012.77755511022,1401.74178354372,203.569874719093,NA,NA,NA,NA
"Hawai'i",2012.81162324649,1397.32153990011,203.540006568287,NA,NA,NA,NA
"Hawai'i",2012.84569138277,1392.97235916329,203.505360716721,NA,NA,NA,NA
"Hawai'i",2012.87975951904,1388.69319700036,203.465448327164,NA,NA,NA,NA
"Hawai'i",2012.91382765531,1384.48300907833,203.419770177885,NA,NA,NA,NA
"Hawai'i",2012.94789579158,1380.34075106421,203.367829602148,NA,NA,NA,NA
"Hawai'i",2012.98196392786,1376.26537862509,203.309146670458,NA,NA,NA,NA
"Hawai'i",2013.01603206413,1372.25587738896,203.243318796119,NA,NA,NA,NA
"Hawai'i",2013.0501002004,1368.31202747611,203.171179002437,NA,NA,NA,NA
"Hawai'i",2013.08416833667,1364.4344668736,203.094848287226,NA,NA,NA,NA
"Hawai'i",2013.11823647295,1360.62387622782,203.016464991958,NA,NA,NA,NA
"Hawai'i",2013.15230460922,1356.88093618507,202.938094621285,NA,NA,NA,NA
"Hawai'i",2013.18637274549,1353.20632739169,202.861706121732,NA,NA,NA,NA
"Hawai'i",2013.22044088176,1349.600730494,202.789149940937,NA,NA,NA,NA
"Hawai'i",2013.25450901804,1346.06482613838,202.722137911598,NA,NA,NA,NA
"Hawai'i",2013.28857715431,1342.59929497116,202.662225012852,NA,NA,NA,NA
"Hawai'i",2013.32264529058,1339.20481763863,202.610793067291,NA,NA,NA,NA
"Hawai'i",2013.35671342685,1335.88207478719,202.569036434126,NA,NA,NA,NA
"Hawai'i",2013.39078156313,1332.63174706315,202.537949758347,NA,NA,NA,NA
"Hawai'i",2013.4248496994,1329.45451511285,202.51831783206,NA,NA,NA,NA
"Hawai'i",2013.45891783567,1326.35105958261,202.510707617922,NA,NA,NA,NA
"Hawai'i",2013.49298597194,1323.32206111881,202.515462475955,NA,NA,NA,NA
"Hawai'i",2013.52705410822,1320.36820036776,202.532698624515,NA,NA,NA,NA
"Hawai'i",2013.56112224449,1317.49015797578,202.562303854224,NA,NA,NA,NA
"Hawai'i",2013.59519038076,1314.68861458925,202.603938500858,NA,NA,NA,NA
"Hawai'i",2013.62925851703,1311.96425085449,202.657038670067,NA,NA,NA,NA
"Hawai'i",2013.66332665331,1309.31774741784,202.720821693891,NA,NA,NA,NA
"Hawai'i",2013.69739478958,1306.74978492561,202.79429378709,NA,NA,NA,NA
"Hawai'i",2013.73146292585,1304.26104402418,202.876259860628,NA,NA,NA,NA
"Hawai'i",2013.76553106212,1301.85220535988,202.965335440936,NA,NA,NA,NA
"Hawai'i",2013.7995991984,1299.52394957901,203.059960637151,NA,NA,NA,NA
"Hawai'i",2013.83366733467,1297.27695732796,203.158416094672,NA,NA,NA,NA
"Hawai'i",2013.86773547094,1295.11190925304,203.258840872543,NA,NA,NA,NA
"Hawai'i",2013.90180360721,1293.02948600059,203.359252184251,NA,NA,NA,NA
"Hawai'i",2013.93587174349,1291.03036821694,203.457566946818,NA,NA,NA,NA
"Hawai'i",2013.96993987976,1289.11523654846,203.551625091383,NA,NA,NA,NA
"Hawai'i",2014.00400801603,1287.28477279092,203.63921531509,NA,NA,NA,NA
"Hawai'i",2014.0380761523,1285.54063966159,203.718714775562,NA,NA,NA,NA
"Hawai'i",2014.07214428858,1283.88726835518,203.790250466092,NA,NA,NA,NA
"Hawai'i",2014.10621242485,1282.3295749953,203.854297316625,NA,NA,NA,NA
"Hawai'i",2014.14028056112,1280.87247570557,203.911362966042,NA,NA,NA,NA
"Hawai'i",2014.17434869739,1279.52088660963,203.961973386063,NA,NA,NA,NA
"Hawai'i",2014.20841683367,1278.2797238311,204.00665971123,NA,NA,NA,NA
"Hawai'i",2014.24248496994,1277.15390349361,204.045946262103,NA,NA,NA,NA
"Hawai'i",2014.27655310621,1276.14834172079,204.080339751675,NA,NA,NA,NA
"Hawai'i",2014.31062124249,1275.26795463627,204.110319667715,NA,NA,NA,NA
"Hawai'i",2014.34468937876,1274.51765836369,204.136329826042,NA,NA,NA,NA
"Hawai'i",2014.37875751503,1273.90236902666,204.158771091688,NA,NA,NA,NA
"Hawai'i",2014.4128256513,1273.42700274881,204.177995266396,NA,NA,NA,NA
"Hawai'i",2014.44689378758,1273.09647565377,204.194300142112,NA,NA,NA,NA
"Hawai'i",2014.48096192385,1272.91570386519,204.207925720845,NA,NA,NA,NA
"Hawai'i",2014.51503006012,1272.88960350667,204.219051601741,NA,NA,NA,NA
"Hawai'i",2014.54909819639,1273.02309070185,204.227795536407,NA,NA,NA,NA
"Hawai'i",2014.58316633267,1273.32108157436,204.234213153453,NA,NA,NA,NA
"Hawai'i",2014.61723446894,1273.78849224782,204.238298853051,NA,NA,NA,NA
"Hawai'i",2014.65130260521,1274.43023884588,204.239987872088,NA,NA,NA,NA
"Hawai'i",2014.68537074148,1275.25123749215,204.239159520204,NA,NA,NA,NA
"Hawai'i",2014.71943887776,1276.25640431026,204.23564158688,NA,NA,NA,NA
"Hawai'i",2014.75350701403,1277.45065542384,204.229215919707,NA,NA,NA,NA
"Hawai'i",2014.7875751503,1278.83890695653,204.219625174155,NA,NA,NA,NA
"Hawai'i",2014.82164328657,1280.42607503194,204.206580735595,NA,NA,NA,NA
"Hawai'i",2014.85571142285,1282.2170757737,204.189771815043,NA,NA,NA,NA
"Hawai'i",2014.88977955912,1284.21682530547,204.168875721086,NA,NA,NA,NA
"Hawai'i",2014.92384769539,1286.43023975083,204.143569311777,NA,NA,NA,NA
"Hawai'i",2014.95791583166,1288.86223523344,204.113541631792,NA,NA,NA,NA
"Hawai'i",2014.99198396794,1291.51772787692,204.078507741906,NA,NA,NA,NA
"Hawai'i",2015.02605210421,1294.40157762631,204.038413126108,NA,NA,NA,NA
"Hawai'i",2015.06012024048,1297.51817873477,203.994806168659,NA,NA,NA,NA
"Hawai'i",2015.09418837675,1300.87169519225,203.949980313884,NA,NA,NA,NA
"Hawai'i",2015.12825651303,1304.46628935218,203.906163489616,NA,NA,NA,NA
"Hawai'i",2015.1623246493,1308.30612356793,203.865486423277,NA,NA,NA,NA
"Hawai'i",2015.19639278557,1312.39536019294,203.829958394011,NA,NA,NA,NA
"Hawai'i",2015.23046092184,1316.7381615806,203.801444905835,NA,NA,NA,NA
"Hawai'i",2015.26452905812,1321.33869008437,203.781647340979,NA,NA,NA,NA
"Hawai'i",2015.29859719439,1326.20110805759,203.772084659277,NA,NA,NA,NA
"Hawai'i",2015.33266533066,1331.32957785372,203.774077212718,NA,NA,NA,NA
"Hawai'i",2015.36673346693,1336.72826182618,203.788732743796,NA,NA,NA,NA
"Hawai'i",2015.40080160321,1342.40132232832,203.816934632448,NA,NA,NA,NA
"Hawai'i",2015.43486973948,1348.3529217136,203.859332449239,NA,NA,NA,NA
"Hawai'i",2015.46893787575,1354.58722233541,203.916334862643,NA,NA,NA,NA
"Hawai'i",2015.50300601202,1361.10838654721,203.988104935911,NA,NA,NA,NA
"Hawai'i",2015.5370741483,1367.92057670233,204.074557835024,NA,NA,NA,NA
"Hawai'i",2015.57114228457,1375.02795515422,204.175360953949,NA,NA,NA,NA
"Hawai'i",2015.60521042084,1382.43468425634,204.289936447674,NA,NA,NA,NA
"Hawai'i",2015.63927855711,1390.144926362,204.417466147879,NA,NA,NA,NA
"Hawai'i",2015.67334669339,1398.16284382467,204.556898821427,NA,NA,NA,NA
"Hawai'i",2015.70741482966,1406.49259899775,204.706959718514,NA,NA,NA,NA
"Hawai'i",2015.74148296593,1415.13835423471,204.866162346226,NA,NA,NA,NA
"Hawai'i",2015.7755511022,1424.10427188885,205.032822394578,NA,NA,NA,NA
"Hawai'i",2015.80961923848,1433.39451431364,205.205073736541,NA,NA,NA,NA
"Hawai'i",2015.84368737475,1443.01324386254,205.380886421183,NA,NA,NA,NA
"Hawai'i",2015.87775551102,1452.96462288886,205.558086580193,NA,NA,NA,NA
"Hawai'i",2015.91182364729,1463.25281374605,205.734378172788,NA,NA,NA,NA
"Hawai'i",2015.94589178357,1473.88197878752,205.907366502149,NA,NA,NA,NA
"Hawai'i",2015.97995991984,1484.85628036677,206.074583448201,NA,NA,NA,NA
"Hawai'i",2016.01402805611,1496.17979589727,206.233544300046,NA,NA,NA,NA
"Hawai'i",2016.04809619238,1507.85351920593,206.382840018366,NA,NA,NA,NA
"Hawai'i",2016.08216432866,1519.87456041482,206.522474766031,NA,NA,NA,NA
"Hawai'i",2016.11623246493,1532.23978200824,206.652596950272,1532.23978200824,NA,NA,NA
"Hawai'i",2016.1503006012,1544.94604647024,206.773399255536,1544.94604647024,NA,NA,NA
"Hawai'i",2016.18436873747,1557.99021628512,206.885106378665,1557.99021628512,NA,NA,NA
"Hawai'i",2016.21843687375,1571.36915393716,206.987963891267,1571.36915393716,NA,1571.36915393716,206.987963891267
"Hawai'i",2016.25250501002,1585.07972191041,207.082228213036,1585.07972191041,NA,1585.07972191041,207.082228213036
"Hawai'i",2016.28657314629,1599.11878268916,207.168157681776,1599.11878268916,NA,NA,NA
"Hawai'i",2016.32064128257,1613.48319875762,207.246004707925,1613.48319875762,NA,NA,NA
"Hawai'i",2016.35470941884,1628.16983260011,207.316009003255,1628.16983260011,NA,NA,NA
"Hawai'i",2016.38877755511,1643.17554670064,207.378391875222,1643.17554670064,NA,1643.17554670064,207.378391875222
"Hawai'i",2016.42284569138,1658.49720354352,207.433351580006,1658.49720354352,NA,1658.49720354352,207.433351580006
"Hawai'i",2016.45691382766,1674.13166561306,207.481059728761,1674.13166561306,NA,1674.13166561306,207.481059728761
"Hawai'i",2016.49098196393,1690.07579539326,207.521658742803,1690.07579539326,NA,1690.07579539326,207.521658742803
"Hawai'i",2016.5250501002,1706.32645536844,207.555260354645,1706.32645536844,NA,1706.32645536844,207.555260354645
"Hawai'i",2016.55911823647,1722.88050802282,207.581945152732,1722.88050802282,NA,1722.88050802282,207.581945152732
"Hawai'i",2016.59318637275,1739.7348158407,207.601763168665,1739.7348158407,NA,1739.7348158407,207.601763168665
"Hawai'i",2016.62725450902,1756.88624130609,207.614735506509,1756.88624130609,NA,1756.88624130609,207.614735506509
"Hawai'i",2016.66132264529,1774.3316469033,207.620857014631,1774.3316469033,NA,1774.3316469033,207.620857014631
"Hawai'i",2016.69539078156,1792.06789511667,207.620100001301,1792.06789511667,NA,1792.06789511667,207.620100001301
"Hawai'i",2016.72945891784,1810.09184843016,207.612418996169,1810.09184843016,NA,1810.09184843016,207.612418996169
"Hawai'i",2016.76352705411,1828.40036932811,207.597756560601,1828.40036932811,NA,1828.40036932811,207.597756560601
"Hawai'i",2016.79759519038,1846.99032029473,207.576050150887,1846.99032029473,NA,1846.99032029473,207.576050150887
"Hawai'i",2016.83166332665,1865.85856381435,207.54724003934,1865.85856381435,NA,1865.85856381435,207.54724003934
"Hawai'i",2016.86573146293,1885.00196237094,207.511278299453,1885.00196237094,NA,1885.00196237094,207.511278299453
"Hawai'i",2016.8997995992,1904.41737844882,207.4681388624,1904.41737844882,NA,1904.41737844882,207.4681388624
"Hawai'i",2016.93386773547,1924.10167453235,207.417828653341,1924.10167453235,NA,1924.10167453235,207.417828653341
"Hawai'i",2016.96793587174,1944.05171310547,207.360399817001,1944.05171310547,NA,1944.05171310547,207.360399817001
"Hawai'i",2017.00200400802,1964.26435648552,207.295963124036,1964.26435648552,NA,1964.26435648552,207.295963124036
"Hawai'i",2017.03607214429,1984.73549372444,207.225168509269,1984.73549372444,NA,1984.73549372444,207.225168509269
"Hawai'i",2017.07014028056,2005.45774855922,207.150264006351,2005.45774855922,NA,2005.45774855922,207.150264006351
"Hawai'i",2017.10420841683,2026.42306070199,207.073768728841,2026.42306070199,NA,2026.42306070199,207.073768728841
"Hawai'i",2017.13827655311,2047.62336986529,206.998108387679,2047.62336986529,NA,2047.62336986529,206.998108387679
"Hawai'i",2017.17234468938,2069.05061576166,206.925589021889,2069.05061576166,NA,2069.05061576166,206.925589021889
"Hawai'i",2017.20641282565,2090.69673810321,206.858372907883,2090.69673810321,NA,2090.69673810321,206.858372907883
"Hawai'i",2017.24048096192,2112.55367660249,206.798456710434,2112.55367660249,NA,2112.55367660249,206.798456710434
"Hawai'i",2017.2745490982,2134.61337097188,206.747651948201,2134.61337097188,NA,2134.61337097188,206.747651948201
"Hawai'i",2017.30861723447,2156.86776092395,206.707567852057,2156.86776092395,NA,2156.86776092395,206.707567852057
"Hawai'i",2017.34268537074,2179.30878617079,206.679596695922,2179.30878617079,NA,2179.30878617079,206.679596695922
"Hawai'i",2017.37675350701,2201.92838642494,206.664901676969,2201.92838642494,NA,2201.92838642494,206.664901676969
"Hawai'i",2017.41082164329,2224.71850139897,206.664407415757,2224.71850139897,NA,2224.71850139897,206.664407415757
"Hawai'i",2017.44488977956,2247.67107080496,206.678793136913,2247.67107080496,NA,2247.67107080496,206.678793136913
"Hawai'i",2017.47895791583,2270.77803435547,206.708488578525,2270.77803435547,NA,2270.77803435547,206.708488578525
"Hawai'i",2017.5130260521,2294.03133176288,206.753672663597,2294.03133176288,NA,2294.03133176288,206.753672663597
"Hawai'i",2017.54709418838,2317.42290273976,206.81427495071,2317.42290273976,NA,2317.42290273976,206.81427495071
"Hawai'i",2017.58116232465,2340.9446869982,206.889979864195,2340.9446869982,NA,2340.9446869982,206.889979864195
"Hawai'i",2017.61523046092,2364.58862425075,206.980233687301,2364.58862425075,NA,2364.58862425075,206.980233687301
"Hawai'i",2017.64929859719,2388.34665420997,207.084254285954,2388.34665420997,NA,2388.34665420997,207.084254285954
"Hawai'i",2017.68336673347,2412.21071658792,207.2010435164,2412.21071658792,NA,2412.21071658792,207.2010435164
"Hawai'i",2017.71743486974,2436.17275109719,207.329402258038,2436.17275109719,NA,2436.17275109719,207.329402258038
"Hawai'i",2017.75150300601,2460.22469745017,207.467948003512,2460.22469745017,NA,2460.22469745017,207.467948003512
"Hawai'i",2017.78557114228,2484.3584953594,207.615134932252,2484.3584953594,NA,2484.3584953594,207.615134932252
"Hawai'i",2017.81963927856,2508.56608453698,207.769276391328,2508.56608453698,NA,2508.56608453698,207.769276391328
"Hawai'i",2017.85370741483,2532.83940469545,207.928569708892,2532.83940469545,NA,2532.83940469545,207.928569708892
"Hawai'i",2017.8877755511,2557.17039554723,208.091123270676,2557.17039554723,NA,2557.17039554723,208.091123270676
"Hawai'i",2017.92184368737,2581.55099680486,208.25498579891,2581.55099680486,NA,2581.55099680486,208.25498579891
"Hawai'i",2017.95591182365,2605.97314818043,208.418177785215,2605.97314818043,NA,2605.97314818043,208.418177785215
"Hawai'i",2017.98997995992,2630.42878938649,208.57872504435,2630.42878938649,NA,2630.42878938649,208.57872504435
"Hawai'i",2018.02404809619,2654.91011073575,208.73484578948,2654.91011073575,NA,2654.91011073575,208.73484578948
"Hawai'i",2018.05811623246,2679.41183711128,208.886394546617,2679.41183711128,NA,2679.41183711128,208.886394546617
"Hawai'i",2018.09218436874,2703.93016509236,209.034323183369,2703.93016509236,NA,2703.93016509236,209.034323183369
"Hawai'i",2018.12625250501,2728.46130938598,209.179826611738,2728.46130938598,NA,2728.46130938598,209.179826611738
"Hawai'i",2018.16032064128,2753.00148469933,209.324329733472,2753.00148469933,NA,2753.00148469933,209.324329733472
"Hawai'i",2018.19438877756,2777.54690573906,209.469485659812,2777.54690573906,NA,2777.54690573906,209.469485659812
"Hawai'i",2018.22845691383,2802.09378721234,209.617174350768,2802.09378721234,NA,2802.09378721234,209.617174350768
"Hawai'i",2018.2625250501,2826.63834382635,209.769501612252,2826.63834382635,NA,2826.63834382635,209.769501612252
"Hawai'i",2018.29659318637,2851.17679028776,209.928798381819,2851.17679028776,NA,2851.17679028776,209.928798381819
"Hawai'i",2018.33066132265,2875.70534130373,210.097620226131,2875.70534130373,NA,2875.70534130373,210.097620226131
"Hawai'i",2018.36472945892,2900.22021158127,210.278746965518,2900.22021158127,NA,2900.22021158127,210.278746965518
"Hawai'i",2018.39879759519,2924.71761582755,210.475182333355,2924.71761582755,NA,2924.71761582755,210.475182333355
"Hawai'i",2018.43286573146,2949.19376874923,210.690153570239,2949.19376874923,NA,2949.19376874923,210.690153570239
"Hawai'i",2018.46693386774,2973.64488505349,210.927110845589,2973.64488505349,NA,NA,NA
"Hawai'i",2018.50100200401,2998.06717944749,211.189726392109,2998.06717944749,NA,2998.06717944749,211.189726392109
"Hawai'i",2018.53507014028,3022.45686663791,211.481893232089,3022.45686663791,NA,3022.45686663791,211.481893232089
"Hawai'i",2018.56913827655,3046.81016133191,211.807723368999,3046.81016133191,NA,3046.81016133191,211.807723368999
"Hawai'i",2018.60320641283,3071.1232782365,212.171545313185,3071.1232782365,NA,NA,NA
"Hawai'i",2018.6372745491,3095.39243205885,212.577900807901,3095.39243205885,NA,3095.39243205885,212.577900807901
"Hawai'i",2018.67134268537,3119.61383750562,213.031540620866,3119.61383750562,NA,NA,NA
"Hawai'i",2018.70541082164,3143.78370928399,213.537419268305,3143.78370928399,NA,3143.78370928399,213.537419268305
"Hawai'i",2018.73947895792,3167.89826210112,214.100688542874,3167.89826210112,NA,3167.89826210112,214.100688542874
"Hawai'i",2018.77354709419,3191.95371066369,214.726689724881,3191.95371066369,NA,3191.95371066369,214.726689724881
"Hawai'i",2018.80761523046,3215.94626967886,215.420944368112,3215.94626967886,NA,3215.94626967886,215.420944368112
"Hawai'i",2018.84168336673,3239.87215385364,216.189143567444,3239.87215385364,NA,NA,NA
"Hawai'i",2018.87575150301,3263.72757789519,217.037135636305,3263.72757789519,NA,3263.72757789519,217.037135636305
"Hawai'i",2018.90981963928,3287.50875651019,217.970912147213,3287.50875651019,NA,NA,NA
"Hawai'i",2018.94388777555,3311.21190440581,218.996592318932,3311.21190440581,NA,NA,NA
"Hawai'i",2018.97795591182,3334.8332362892,220.120405768252,3334.8332362892,NA,3334.8332362892,220.120405768252
"Hawai'i",2019.0120240481,3358.36901658423,221.348689341206,3358.36901658423,NA,3358.36901658423,221.348689341206
"Hawai'i",2019.04609218437,3381.81811135052,222.68863420571,3381.81811135052,NA,3381.81811135052,222.68863420571
"Hawai'i",2019.08016032064,3405.18321394926,224.148436112682,3405.18321394926,NA,NA,NA
"Hawai'i",2019.11422845691,3428.46732410089,225.73600385107,3428.46732410089,NA,3428.46732410089,225.73600385107
"Hawai'i",2019.14829659319,3451.67344152536,227.458779076364,3451.67344152536,NA,3451.67344152536,227.458779076364
"Hawai'i",2019.18236472946,3474.8045659431,229.32366236207,3474.8045659431,NA,NA,NA
"Hawai'i",2019.21643286573,3497.86369707437,231.336946507941,3497.86369707437,NA,NA,NA
"Hawai'i",2019.250501002,3520.85383463959,233.504258202559,3520.85383463959,NA,NA,NA
"Hawai'i",2019.28456913828,3543.77797835874,235.83050898177,3543.77797835874,NA,NA,NA
"Hawai'i",2019.31863727455,3566.63912795224,238.319856217286,3566.63912795224,NA,3566.63912795224,238.319856217286
"Hawai'i",2019.35270541082,3589.44028314049,240.975674620062,3589.44028314049,NA,NA,NA
"Hawai'i",2019.38677354709,3612.18444364347,243.800538467184,3612.18444364347,NA,3612.18444364347,243.800538467184
"Hawai'i",2019.42084168337,3634.87460918162,246.796214473152,3634.87460918162,NA,NA,NA
"Hawai'i",2019.45490981964,3657.51377947518,249.963664943543,NA,NA,NA,NA
"Hawai'i",2019.48897795591,3680.10495424458,253.303060588327,NA,NA,NA,NA
"Hawai'i",2019.52304609218,3702.65113320978,256.813802145201,NA,NA,NA,NA
"Hawai'i",2019.55711422846,3725.15531609122,260.49454978297,NA,NA,NA,NA
"Hawai'i",2019.59118236473,3747.62050260931,264.343259125222,NA,NA,NA,NA
"Hawai'i",2019.625250501,3770.04969248401,268.357222660695,NA,NA,NA,NA
"Hawai'i",2019.65931863727,3792.44588543574,272.533115285326,NA,NA,NA,NA
"Hawai'i",2019.69338677355,3814.8120811848,276.867042747171,NA,NA,NA,NA
"Hawai'i",2019.72745490982,3837.15127945157,281.354591834224,NA,NA,NA,NA
"Hawai'i",2019.76152304609,3859.46647995604,285.990881244803,NA,NA,NA,NA
"Hawai'i",2019.79559118236,3881.76068241862,290.770612204285,NA,NA,NA,NA
"Hawai'i",2019.82965931864,3904.03688655973,295.688118028006,NA,NA,NA,NA
"Hawai'i",2019.86372745491,3926.29809209935,300.737411973559,NA,NA,NA,NA
"Hawai'i",2019.89779559118,3948.54729875789,305.912232866552,NA,NA,NA,NA
"Hawai'i",2019.93186372745,3970.78750625562,311.206088116589,NA,NA,NA,NA
"Hawai'i",2019.96593186373,3993.02171431296,316.612293863504,NA,NA,NA,NA
"Hawai'i",2020,4015.25292264989,322.124012101076,NA,NA,NA,NA
