"Sector","Year","fit","se.fit","inc.trend","dec.trend","threshold","se.threshold"
"Fishing",2002,100.594264887129,1.41366505048253,NA,100.594264887129,100.594264887129,1.41366505048253
"Fishing",2002.03406813627,100.353217456015,1.38895049029262,NA,100.353217456015,100.353217456015,1.38895049029262
"Fishing",2002.06813627255,100.112203752835,1.36487566886806,NA,100.112203752835,100.112203752835,1.36487566886806
"Fishing",2002.10220440882,99.8712575055305,1.34147904494162,NA,99.8712575055305,99.8712575055305,1.34147904494162
"Fishing",2002.13627254509,99.6304124420351,1.31879847542732,NA,99.6304124420351,99.6304124420351,1.31879847542732
"Fishing",2002.17034068136,99.3897022902855,1.29687096791097,NA,99.3897022902855,99.3897022902855,1.29687096791097
"Fishing",2002.20440881764,99.1491607782167,1.27573240668456,NA,99.1491607782167,99.1491607782167,1.27573240668456
"Fishing",2002.23847695391,98.9088216337681,1.25541725336889,NA,98.9088216337681,98.9088216337681,1.25541725336889
"Fishing",2002.27254509018,98.6687185848749,1.23595822418383,NA,98.6687185848749,98.6687185848749,1.23595822418383
"Fishing",2002.30661322645,98.4288853594716,1.21738594708524,NA,98.4288853594716,98.4288853594716,1.21738594708524
"Fishing",2002.34068136273,98.189355685498,1.19972860324234,NA,98.189355685498,98.189355685498,1.19972860324234
"Fishing",2002.374749499,97.9501632908891,1.18301155863868,NA,97.9501632908891,97.9501632908891,1.18301155863868
"Fishing",2002.40881763527,97.7113419035812,1.16725699287284,NA,97.7113419035812,97.7113419035812,1.16725699287284
"Fishing",2002.44288577154,97.472925251509,1.15248353341658,NA,97.472925251509,97.472925251509,1.15248353341658
"Fishing",2002.47695390782,97.2349470626126,1.1387059045742,NA,97.2349470626126,97.2349470626126,1.1387059045742
"Fishing",2002.51102204409,96.9974410648264,1.12593460106746,NA,96.9974410648264,96.9974410648264,1.12593460106746
"Fishing",2002.54509018036,96.7604409860854,1.1141755964571,NA,96.7604409860854,96.7604409860854,1.1141755964571
"Fishing",2002.57915831663,96.5239805543296,1.10343009642042,NA,96.5239805543296,96.5239805543296,1.10343009642042
"Fishing",2002.61322645291,96.2880934974934,1.0936943461864,NA,96.2880934974934,96.2880934974934,1.0936943461864
"Fishing",2002.64729458918,96.0528135435133,1.0849595001794,NA,96.0528135435133,96.0528135435133,1.0849595001794
"Fishing",2002.68136272545,95.8181744203244,1.0772115601566,NA,95.8181744203244,95.8181744203244,1.0772115601566
"Fishing",2002.71543086172,95.5842098558663,1.07043138594001,NA,95.5842098558663,NA,NA
"Fishing",2002.749498998,95.3509535780738,1.06459478034683,NA,95.3509535780738,NA,NA
"Fishing",2002.78356713427,95.1184393148832,1.05967264727784,NA,95.1184393148832,95.1184393148832,1.05967264727784
"Fishing",2002.81763527054,94.8867007942297,1.05563121929832,NA,94.8867007942297,94.8867007942297,1.05563121929832
"Fishing",2002.85170340681,94.6557717440526,1.05243234861504,NA,94.6557717440526,94.6557717440526,1.05243234861504
"Fishing",2002.88577154309,94.4256858922871,1.0500338532768,NA,94.4256858922871,94.4256858922871,1.0500338532768
"Fishing",2002.91983967936,94.1964769668678,1.04838990882139,NA,94.1964769668678,94.1964769668678,1.04838990882139
"Fishing",2002.95390781563,93.9681786957344,1.04745147454694,NA,93.9681786957344,93.9681786957344,1.04745147454694
"Fishing",2002.9879759519,93.7408248068217,1.04716674312312,NA,93.7408248068217,93.7408248068217,1.04716674312312
"Fishing",2003.02204408818,93.5144490280665,1.04748160236906,NA,93.5144490280665,93.5144490280665,1.04748160236906
"Fishing",2003.05611222445,93.2890850874033,1.04834009864012,NA,93.2890850874033,93.2890850874033,1.04834009864012
"Fishing",2003.09018036072,93.0647667127718,1.04968489230433,NA,93.0647667127718,93.0647667127718,1.04968489230433
"Fishing",2003.12424849699,92.8415276321069,1.05145769713287,NA,92.8415276321069,92.8415276321069,1.05145769713287
"Fishing",2003.15831663327,92.6194015733436,1.05359969696644,NA,92.6194015733436,92.6194015733436,1.05359969696644
"Fishing",2003.19238476954,92.3984222644214,1.05605193463624,NA,92.3984222644214,92.3984222644214,1.05605193463624
"Fishing",2003.22645290581,92.1786234332753,1.05875566972103,NA,92.1786234332753,92.1786234332753,1.05875566972103
"Fishing",2003.26052104208,91.9600388078414,1.0616527032232,NA,91.9600388078414,91.9600388078414,1.0616527032232
"Fishing",2003.29458917836,91.7427021160551,1.06468566860422,NA,91.7427021160551,91.7427021160551,1.06468566860422
"Fishing",2003.32865731463,91.5266470858555,1.06779828978047,NA,91.5266470858555,91.5266470858555,1.06779828978047
"Fishing",2003.3627254509,91.3119074451778,1.07093560764511,NA,91.3119074451778,91.3119074451778,1.07093560764511
"Fishing",2003.39679358717,91.098516921957,1.07404417743691,NA,91.098516921957,91.098516921957,1.07404417743691
"Fishing",2003.43086172345,90.8865092441322,1.07707223984592,NA,90.8865092441322,90.8865092441322,1.07707223984592
"Fishing",2003.46492985972,90.6759181396387,1.07996986914233,NA,90.6759181396387,90.6759181396387,1.07996986914233
"Fishing",2003.49899799599,90.4667773364128,1.08268910186929,NA,90.4667773364128,90.4667773364128,1.08268910186929
"Fishing",2003.53306613226,90.2591205623898,1.08518404977939,NA,90.2591205623898,90.2591205623898,1.08518404977939
"Fishing",2003.56713426854,90.0529815455085,1.08741100074601,NA,90.0529815455085,90.0529815455085,1.08741100074601
"Fishing",2003.60120240481,89.8483940137043,1.08932851137354,NA,89.8483940137043,89.8483940137043,1.08932851137354
"Fishing",2003.63527054108,89.6453916949123,1.09089749498403,NA,89.6453916949123,89.6453916949123,1.09089749498403
"Fishing",2003.66933867735,89.4440083170715,1.09208130859986,NA,89.4440083170715,89.4440083170715,1.09208130859986
"Fishing",2003.70340681363,89.2442776081171,1.09284584248297,NA,89.2442776081171,89.2442776081171,1.09284584248297
"Fishing",2003.7374749499,89.0462332959856,1.09315961575076,NA,89.0462332959856,89.0462332959856,1.09315961575076
"Fishing",2003.77154308617,88.849909108612,1.09299388157731,NA,88.849909108612,88.849909108612,1.09299388157731
"Fishing",2003.80561122244,88.6553387739354,1.09232274551437,NA,88.6553387739354,88.6553387739354,1.09232274551437
"Fishing",2003.83967935872,88.4625560198913,1.09112330053638,NA,88.4625560198913,88.4625560198913,1.09112330053638
"Fishing",2003.87374749499,88.2715945744144,1.0893757825347,NA,88.2715945744144,88.2715945744144,1.0893757825347
"Fishing",2003.90781563126,88.082488165444,1.08706375015553,NA,88.082488165444,88.082488165444,1.08706375015553
"Fishing",2003.94188376754,87.895270520915,1.08417429309942,NA,87.895270520915,87.895270520915,1.08417429309942
"Fishing",2003.97595190381,87.7099753687642,1.08069827326794,NA,87.7099753687642,87.7099753687642,1.08069827326794
"Fishing",2004.01002004008,87.5266362745876,1.07663078452707,NA,87.5266362745876,87.5266362745876,1.07663078452707
"Fishing",2004.04408817635,87.3452736246504,1.07198576617252,NA,87.3452736246504,NA,NA
"Fishing",2004.07815631263,87.1658851076154,1.06680544870995,NA,87.1658851076154,87.1658851076154,1.06680544870995
"Fishing",2004.1122244489,86.9884661679704,1.0611365298064,NA,86.9884661679704,86.9884661679704,1.0611365298064
"Fishing",2004.14629258517,86.8130122502064,1.05502734603078,NA,86.8130122502064,86.8130122502064,1.05502734603078
"Fishing",2004.18036072144,86.6395187988112,1.0485275901052,NA,86.6395187988112,86.6395187988112,1.0485275901052
"Fishing",2004.21442885772,86.4679812582735,1.04168803306229,NA,86.4679812582735,86.4679812582735,1.04168803306229
"Fishing",2004.24849699399,86.2983950730811,1.03456024712649,NA,86.2983950730811,86.2983950730811,1.03456024712649
"Fishing",2004.28256513026,86.1307556877249,1.0271963256647,NA,86.1307556877249,86.1307556877249,1.0271963256647
"Fishing",2004.31663326653,85.9650585466928,1.0196485970931,NA,85.9650585466928,85.9650585466928,1.0196485970931
"Fishing",2004.35070140281,85.8012990944735,1.01196933021244,NA,85.8012990944735,85.8012990944735,1.01196933021244
"Fishing",2004.38476953908,85.6394727755549,1.00421042908487,NA,85.6394727755549,85.6394727755549,1.00421042908487
"Fishing",2004.41883767535,85.4795750344278,0.996423116279059,NA,85.4795750344278,85.4795750344278,0.996423116279059
"Fishing",2004.45290581162,85.3216013155801,0.988657604105483,NA,85.3216013155801,85.3216013155801,0.988657604105483
"Fishing",2004.4869739479,85.1655470634995,0.980962754344232,NA,85.1655470634995,85.1655470634995,0.980962754344232
"Fishing",2004.52104208417,85.0114077226769,0.973385727924304,NA,85.0114077226769,85.0114077226769,0.973385727924304
"Fishing",2004.55511022044,84.8591787376002,0.965971627032672,NA,84.8591787376002,84.8591787376002,0.965971627032672
"Fishing",2004.58917835671,84.7088555527581,0.958763133190309,NA,84.7088555527581,84.7088555527581,0.958763133190309
"Fishing",2004.62324649299,84.5604336126384,0.951800145883052,NA,84.5604336126384,84.5604336126384,0.951800145883052
"Fishing",2004.65731462926,84.413908361732,0.945119427342011,NA,84.413908361732,84.413908361732,0.945119427342011
"Fishing",2004.69138276553,84.2692752445267,0.938754259963148,NA,84.2692752445267,84.2692752445267,0.938754259963148
"Fishing",2004.7254509018,84.1265297055104,0.93273412358579,NA,84.1265297055104,84.1265297055104,0.93273412358579
"Fishing",2004.75951903808,83.985667189174,0.927084400346445,NA,83.985667189174,83.985667189174,0.927084400346445
"Fishing",2004.79358717435,83.846683140005,0.921826115034497,NA,83.846683140005,83.846683140005,0.921826115034497
"Fishing",2004.82765531062,83.7095730024924,0.916975718758021,NA,83.7095730024924,83.7095730024924,0.916975718758021
"Fishing",2004.86172344689,83.5743322211242,0.912544923249597,NA,83.5743322211242,83.5743322211242,0.912544923249597
"Fishing",2004.89579158317,83.4409562403909,0.908540592309406,NA,83.4409562403909,NA,NA
"Fishing",2004.92985971944,83.3094405047806,0.904964695716137,NA,83.3094405047806,83.3094405047806,0.904964695716137
"Fishing",2004.96392785571,83.1797804587812,0.901814329492399,NA,83.1797804587812,83.1797804587812,0.901814329492399
"Fishing",2004.99799599198,83.0519715468831,0.899081804766474,NA,83.0519715468831,83.0519715468831,0.899081804766474
"Fishing",2005.03206412826,82.9260073616156,0.896756702013801,NA,82.9260073616156,82.9260073616156,0.896756702013801
"Fishing",2005.06613226453,82.8018726548465,0.894833678482597,NA,82.8018726548465,82.8018726548465,0.894833678482597
"Fishing",2005.1002004008,82.6795495433805,0.893307092183039,NA,82.6795495433805,NA,NA
"Fishing",2005.13426853707,82.5590201435725,0.892168458369734,NA,82.5590201435725,82.5590201435725,0.892168458369734
"Fishing",2005.16833667335,82.4402665717749,0.891406479232808,NA,82.4402665717749,82.4402665717749,0.891406479232808
"Fishing",2005.20240480962,82.32327094434,0.891007106515909,NA,82.32327094434,NA,NA
"Fishing",2005.23647294589,82.208015377623,0.890953635113665,NA,82.208015377623,82.208015377623,0.890953635113665
"Fishing",2005.27054108216,82.0944819879761,0.891226825542392,NA,82.0944819879761,NA,NA
"Fishing",2005.30460921844,81.9826528917526,0.891805052668358,NA,81.9826528917526,81.9826528917526,0.891805052668358
"Fishing",2005.33867735471,81.8725102053051,0.892664477691872,NA,81.8725102053051,NA,NA
"Fishing",2005.37274549098,81.7640360449883,0.893779240134063,NA,81.7640360449883,NA,NA
"Fishing",2005.40681362725,81.6572125271547,0.895121666461486,NA,81.6572125271547,81.6572125271547,0.895121666461486
"Fishing",2005.44088176353,81.5520217681569,0.896662492010368,NA,81.5520217681569,NA,NA
"Fishing",2005.4749498998,81.4484458843495,0.898371093024231,NA,81.4484458843495,81.4484458843495,0.898371093024231
"Fishing",2005.50901803607,81.3464669920852,0.900215725883098,NA,81.3464669920852,81.3464669920852,0.900215725883098
"Fishing",2005.54308617234,81.2460672077171,0.902163770959071,NA,81.2460672077171,NA,NA
"Fishing",2005.57715430862,81.1472286475978,0.904181978959848,NA,81.1472286475978,81.1472286475978,0.904181978959848
"Fishing",2005.61122244489,81.049933428082,0.906236718100097,NA,81.049933428082,81.049933428082,0.906236718100097
"Fishing",2005.64529058116,80.9541636655222,0.908294220948449,NA,80.9541636655222,80.9541636655222,0.908294220948449
"Fishing",2005.67935871743,80.8599014762711,0.910320830317621,NA,80.8599014762711,NA,NA
"Fishing",2005.71342685371,80.7671289766833,0.912283244084972,NA,80.7671289766833,NA,NA
"Fishing",2005.74749498998,80.6758282831112,0.914148759337238,NA,80.6758282831112,NA,NA
"Fishing",2005.78156312625,80.5859815119083,0.91588551671871,NA,80.5859815119083,80.5859815119083,0.91588551671871
"Fishing",2005.81563126253,80.4975707794271,0.91746274632562,NA,80.4975707794271,80.4975707794271,0.91746274632562
"Fishing",2005.8496993988,80.4105782020221,0.918851016924994,NA,80.4105782020221,80.4105782020221,0.918851016924994
"Fishing",2005.88376753507,80.324985896046,0.920022490687371,NA,80.324985896046,80.324985896046,0.920022490687371
"Fishing",2005.91783567134,80.240775977852,0.920951186010598,NA,80.240775977852,NA,NA
"Fishing",2005.95190380762,80.1579305637928,0.921613251376989,NA,80.1579305637928,80.1579305637928,0.921613251376989
"Fishing",2005.98597194389,80.0764317702228,0.921987253533261,NA,80.0764317702228,NA,NA
"Fishing",2006.02004008016,79.9962612910585,0.92205575049292,NA,79.9962612910585,79.9962612910585,0.92205575049292
"Fishing",2006.05410821643,79.9173941951476,0.921824047779203,NA,79.9173941951476,79.9173941951476,0.921824047779203
"Fishing",2006.08817635271,79.8398002911624,0.921315588802541,NA,79.8398002911624,79.8398002911624,0.921315588802541
"Fishing",2006.12224448898,79.7634492428783,0.920556060713616,NA,79.7634492428783,79.7634492428783,0.920556060713616
"Fishing",2006.15631262525,79.688310714071,0.919572549579551,NA,79.688310714071,NA,NA
"Fishing",2006.19038076152,79.6143543685158,0.918393155575233,NA,79.6143543685158,NA,NA
"Fishing",2006.2244488978,79.5415498699891,0.917046628378473,NA,79.5415498699891,NA,NA
"Fishing",2006.25851703407,79.4698668822665,0.915562020272621,NA,79.4698668822665,NA,NA
"Fishing",2006.29258517034,79.3992750691232,0.913968355142754,NA,NA,79.3992750691232,0.913968355142754
"Fishing",2006.32665330661,79.3297440943357,0.912294312208857,NA,NA,NA,NA
"Fishing",2006.36072144289,79.2612436216794,0.910567923962147,NA,NA,NA,NA
"Fishing",2006.39478957916,79.19374331493,0.90881628835481,NA,NA,NA,NA
"Fishing",2006.42885771543,79.1272128378627,0.907065295826918,NA,NA,NA,NA
"Fishing",2006.4629258517,79.0616218542543,0.905339372229773,NA,NA,NA,NA
"Fishing",2006.49699398798,78.9969400278801,0.903661239110568,NA,NA,NA,NA
"Fishing",2006.53106212425,78.9331370225152,0.902051693149499,NA,NA,NA,NA
"Fishing",2006.56513026052,78.8701825019363,0.90052940677665,NA,NA,NA,NA
"Fishing",2006.59919839679,78.8080461299186,0.899110752136187,NA,NA,NA,NA
"Fishing",2006.63326653307,78.7466975702381,0.897809650603017,NA,NA,NA,NA
"Fishing",2006.66733466934,78.6861064866699,0.896637449992535,NA,NA,NA,NA
"Fishing",2006.70140280561,78.6262425429906,0.895602831440013,NA,NA,NA,NA
"Fishing",2006.73547094188,78.5670754029756,0.894711747671086,NA,NA,NA,NA
"Fishing",2006.76953907816,78.5085747304001,0.893967394052383,NA,NA,NA,NA
"Fishing",2006.80360721443,78.4507101890407,0.893370213417309,NA,NA,NA,NA
"Fishing",2006.8376753507,78.3934514426728,0.892917935230749,NA,NA,NA,NA
"Fishing",2006.87174348697,78.336768155072,0.892605649207974,NA,NA,NA,NA
"Fishing",2006.90581162325,78.2806299900138,0.892425913065226,NA,NA,NA,NA
"Fishing",2006.93987975952,78.2250066112744,0.892368893675433,NA,NA,NA,NA
"Fishing",2006.97394789579,78.1698676826296,0.892422540554273,NA,NA,NA,NA
"Fishing",2007.00801603206,78.1151828069577,0.892572836921726,NA,NA,NA,NA
"Fishing",2007.04208416834,78.0609130187818,0.892810582470684,NA,NA,NA,NA
"Fishing",2007.07615230461,78.0070020237048,0.89313855145425,NA,NA,NA,NA
"Fishing",2007.11022044088,77.9533914368603,0.893559979878446,NA,NA,NA,NA
"Fishing",2007.14428857715,77.9000228733814,0.894076858776097,NA,NA,NA,NA
"Fishing",2007.17835671343,77.8468379484025,0.894689834388409,NA,NA,NA,NA
"Fishing",2007.2124248497,77.7937782770568,0.895398128738539,NA,NA,NA,NA
"Fishing",2007.24649298597,77.7407854744774,0.896199480724397,NA,NA,NA,NA
"Fishing",2007.28056112224,77.6878011557988,0.897090107718033,NA,NA,NA,NA
"Fishing",2007.31462925852,77.6347669361541,0.898064687509479,NA,NA,NA,NA
"Fishing",2007.34869739479,77.5816244306768,0.899116360281479,NA,NA,NA,NA
"Fishing",2007.38276553106,77.5283152545001,0.900236750156018,NA,NA,NA,NA
"Fishing",2007.41683366733,77.4747810227585,0.901416005720087,NA,NA,NA,NA
"Fishing",2007.45090180361,77.420963350585,0.902642858826256,NA,NA,NA,NA
"Fishing",2007.48496993988,77.3668038531133,0.903904700875684,NA,NA,NA,NA
"Fishing",2007.51903807615,77.3122441454765,0.905187675735799,NA,NA,NA,NA
"Fishing",2007.55310621242,77.257225842809,0.906476788423036,NA,NA,NA,NA
"Fishing",2007.5871743487,77.2016905602439,0.907756028696691,NA,NA,NA,NA
"Fishing",2007.62124248497,77.1455799129145,0.909008508763293,NA,NA,NA,NA
"Fishing",2007.65531062124,77.088835515955,0.910216614382203,NA,NA,NA,NA
"Fishing",2007.68937875751,77.0313989844988,0.911362168791838,NA,NA,NA,NA
"Fishing",2007.72344689379,76.9732119336793,0.912426609038555,NA,NA,NA,NA
"Fishing",2007.75751503006,76.9142159786297,0.913391174485857,NA,NA,NA,NA
"Fishing",2007.79158316633,76.8543527344844,0.914237107505593,NA,NA,NA,NA
"Fishing",2007.82565130261,76.7935638163766,0.914945866603294,NA,NA,NA,NA
"Fishing",2007.85971943888,76.7317908394393,0.915499352501172,NA,NA,NA,NA
"Fishing",2007.89378757515,76.6689754188071,0.915880147992803,NA,NA,NA,NA
"Fishing",2007.92785571142,76.605059169613,0.916071772687302,NA,NA,NA,NA
"Fishing",2007.9619238477,76.5399837069907,0.916058954073881,NA,NA,NA,NA
"Fishing",2007.99599198397,76.4736906460732,0.915827916654422,NA,NA,NA,NA
"Fishing",2008.03006012024,76.4061235373019,0.915370551517576,NA,NA,NA,NA
"Fishing",2008.06412825651,76.3372369798547,0.914702659991238,NA,76.3372369798547,NA,NA
"Fishing",2008.09819639279,76.2669894876767,0.913849196046041,NA,76.2669894876767,NA,NA
"Fishing",2008.13226452906,76.1953395793021,0.912836028977745,NA,76.1953395793021,NA,NA
"Fishing",2008.16633266533,76.1222457732633,0.911689574695077,NA,76.1222457732633,76.1222457732633,0.911689574695077
"Fishing",2008.2004008016,76.0476665880935,0.910436453984421,NA,76.0476665880935,NA,NA
"Fishing",2008.23446893788,75.9715605423251,0.909103167153431,NA,75.9715605423251,NA,NA
"Fishing",2008.26853707415,75.8938861544923,0.90771578424556,NA,75.8938861544923,75.8938861544923,0.90771578424556
"Fishing",2008.30260521042,75.8146019431276,0.906299650578634,NA,75.8146019431276,NA,NA
"Fishing",2008.33667334669,75.7336664267636,0.904879107877705,NA,75.7336664267636,NA,NA
"Fishing",2008.37074148297,75.6510381239343,0.903477231736178,NA,75.6510381239343,NA,NA
"Fishing",2008.40480961924,75.5666755531723,0.902115586539666,NA,75.5666755531723,NA,NA
"Fishing",2008.43887775551,75.4805372330107,0.900813999314354,NA,75.4805372330107,75.4805372330107,0.900813999314354
"Fishing",2008.47294589178,75.3925816819818,0.899590354206828,NA,75.3925816819818,75.3925816819818,0.899590354206828
"Fishing",2008.50701402806,75.30276741862,0.898460409458142,NA,75.30276741862,NA,NA
"Fishing",2008.54108216433,75.2110529614577,0.897437638797165,NA,75.2110529614577,75.2110529614577,0.897437638797165
"Fishing",2008.5751503006,75.1173968290273,0.896533099145104,NA,75.1173968290273,NA,NA
"Fishing",2008.60921843687,75.0217575398632,0.895755326397291,NA,75.0217575398632,NA,NA
"Fishing",2008.64328657315,74.9240936124978,0.895110260836788,NA,74.9240936124978,NA,NA
"Fishing",2008.67735470942,74.8243635654641,0.894601203448745,NA,74.8243635654641,74.8243635654641,0.894601203448745
"Fishing",2008.71142284569,74.7225259172945,0.894228804058621,NA,74.7225259172945,74.7225259172945,0.894228804058621
"Fishing",2008.74549098196,74.6185391865235,0.893991081831703,NA,74.6185391865235,74.6185391865235,0.893991081831703
"Fishing",2008.77955911824,74.5123618916833,0.893883478265987,NA,74.5123618916833,74.5123618916833,0.893883478265987
"Fishing",2008.81362725451,74.4039525513065,0.893898942407403,NA,74.4039525513065,74.4039525513065,0.893898942407403
"Fishing",2008.84769539078,74.2932696839274,0.894028047639165,NA,74.2932696839274,74.2932696839274,0.894028047639165
"Fishing",2008.88176352705,74.1802718080783,0.894259139065214,NA,74.1802718080783,74.1802718080783,0.894259139065214
"Fishing",2008.91583166333,74.0649174422924,0.894578510240646,NA,74.0649174422924,74.0649174422924,0.894578510240646
"Fishing",2008.9498997996,73.9471651051019,0.894970607814303,NA,73.9471651051019,73.9471651051019,0.894970607814303
"Fishing",2008.98396793587,73.8269733150415,0.895418262550417,NA,73.8269733150415,73.8269733150415,0.895418262550417
"Fishing",2009.01803607214,73.7043028257798,0.895903535059201,NA,73.7043028257798,73.7043028257798,0.895903535059201
"Fishing",2009.05210420842,73.5791593389961,0.89641932837415,NA,73.5791593389961,73.5791593389961,0.89641932837415
"Fishing",2009.08617234469,73.4515901838678,0.896968929965018,NA,73.4515901838678,73.4515901838678,0.896968929965018
"Fishing",2009.12024048096,73.3216442593825,0.897555450540781,NA,73.3216442593825,73.3216442593825,0.897555450540781
"Fishing",2009.15430861723,73.189370464525,0.898181268906489,NA,73.189370464525,73.189370464525,0.898181268906489
"Fishing",2009.18837675351,73.0548176982803,0.898847907194757,NA,73.0548176982803,73.0548176982803,0.898847907194757
"Fishing",2009.22244488978,72.9180348596362,0.899555924906601,NA,72.9180348596362,72.9180348596362,0.899555924906601
"Fishing",2009.25651302605,72.7790708475775,0.900304831819432,NA,72.7790708475775,72.7790708475775,0.900304831819432
"Fishing",2009.29058116232,72.63797456109,0.901093019767031,NA,72.63797456109,72.63797456109,0.901093019767031
"Fishing",2009.3246492986,72.4947948991588,0.901917713230214,NA,72.4947948991588,72.4947948991588,0.901917713230214
"Fishing",2009.35871743487,72.3495807607714,0.902774938602545,NA,72.3495807607714,72.3495807607714,0.902774938602545
"Fishing",2009.39278557114,72.2023810449128,0.903659511916957,NA,72.2023810449128,72.2023810449128,0.903659511916957
"Fishing",2009.42685370741,72.0532446505678,0.904565044740343,NA,72.0532446505678,72.0532446505678,0.904565044740343
"Fishing",2009.46092184369,71.9022204767244,0.905483967871717,NA,71.9022204767244,71.9022204767244,0.905483967871717
"Fishing",2009.49498997996,71.7493574223672,0.90640757241749,NA,71.7493574223672,71.7493574223672,0.90640757241749
"Fishing",2009.52905811623,71.5947043864822,0.907326067770617,NA,71.5947043864822,71.5947043864822,0.907326067770617
"Fishing",2009.56312625251,71.4383102680542,0.908228655993504,NA,71.4383102680542,71.4383102680542,0.908228655993504
"Fishing",2009.59719438878,71.280223966071,0.909103622099425,NA,71.280223966071,71.280223966071,0.909103622099425
"Fishing",2009.63126252505,71.1204943795175,0.909938439747662,NA,71.1204943795175,71.1204943795175,0.909938439747662
"Fishing",2009.66533066132,70.9591704073786,0.910719891915066,NA,70.9591704073786,70.9591704073786,0.910719891915066
"Fishing",2009.6993987976,70.796300948642,0.911434206181841,NA,70.796300948642,70.796300948642,0.911434206181841
"Fishing",2009.73346693387,70.6319349022927,0.91206720437331,NA,70.6319349022927,70.6319349022927,0.91206720437331
"Fishing",2009.76753507014,70.4661211673164,0.912604466430262,NA,70.4661211673164,70.4661211673164,0.912604466430262
"Fishing",2009.80160320641,70.2989086426979,0.913031508538594,NA,70.2989086426979,70.2989086426979,0.913031508538594
"Fishing",2009.83567134269,70.1303462274252,0.913333975730991,NA,70.1303462274252,70.1303462274252,0.913333975730991
"Fishing",2009.86973947896,69.9604828204832,0.913497849378306,NA,69.9604828204832,69.9604828204832,0.913497849378306
"Fishing",2009.90380761523,69.7893673208563,0.913509670211342,NA,69.7893673208563,69.7893673208563,0.913509670211342
"Fishing",2009.9378757515,69.617048627533,0.913356777752746,NA,69.617048627533,69.617048627533,0.913356777752746
"Fishing",2009.97194388778,69.4435756394977,0.913027567287395,NA,69.4435756394977,69.4435756394977,0.913027567287395
"Fishing",2010.00601202405,69.2689973133216,0.912511795423162,NA,69.2689973133216,69.2689973133216,0.912511795423162
"Fishing",2010.04008016032,69.093379437505,0.911809464568683,NA,69.093379437505,69.093379437505,0.911809464568683
"Fishing",2010.07414829659,68.9168279288811,0.910942599569021,NA,68.9168279288811,68.9168279288811,0.910942599569021
"Fishing",2010.10821643287,68.7394545566386,0.90993707302785,NA,68.7394545566386,68.7394545566386,0.90993707302785
"Fishing",2010.14228456914,68.5613710899663,0.908819211422329,NA,68.5613710899663,68.5613710899663,0.908819211422329
"Fishing",2010.17635270541,68.3826892980564,0.907615446413447,NA,68.3826892980564,68.3826892980564,0.907615446413447
"Fishing",2010.21042084168,68.2035209500976,0.906351982726711,NA,68.2035209500976,68.2035209500976,0.906351982726711
"Fishing",2010.24448897796,68.0239778152798,0.905054482037797,NA,68.0239778152798,68.0239778152798,0.905054482037797
"Fishing",2010.27855711423,67.8441716627917,0.903747762857834,NA,67.8441716627917,67.8441716627917,0.903747762857834
"Fishing",2010.3126252505,67.6642142618254,0.902455516925009,NA,67.6642142618254,67.6642142618254,0.902455516925009
"Fishing",2010.34669338677,67.4842173815697,0.901200043060185,NA,67.4842173815697,67.4842173815697,0.901200043060185
"Fishing",2010.38076152305,67.3042927912134,0.900001999824343,NA,67.3042927912134,67.3042927912134,0.900001999824343
"Fishing",2010.41482965932,67.1245522599486,0.898880178613758,NA,67.1245522599486,67.1245522599486,0.898880178613758
"Fishing",2010.44889779559,66.9451075569641,0.897851299036002,NA,66.9451075569641,66.9451075569641,0.897851299036002
"Fishing",2010.48296593186,66.7660704514497,0.896929828520799,NA,66.7660704514497,66.7660704514497,0.896929828520799
"Fishing",2010.51703406814,66.5875527125942,0.896127828128543,NA,66.5875527125942,66.5875527125942,0.896127828128543
"Fishing",2010.55110220441,66.4096661095898,0.895454826429714,NA,66.4096661095898,66.4096661095898,0.895454826429714
"Fishing",2010.58517034068,66.2325224116251,0.894917723142989,NA,66.2325224116251,66.2325224116251,0.894917723142989
"Fishing",2010.61923847695,66.0562333878901,0.894520723949784,NA,66.0562333878901,66.0562333878901,0.894520723949784
"Fishing",2010.65330661323,65.8809108075736,0.89426530756222,NA,65.8809108075736,65.8809108075736,0.89426530756222
"Fishing",2010.6873747495,65.7066664398676,0.894150225728043,NA,65.7066664398676,65.7066664398676,0.894150225728043
"Fishing",2010.72144288577,65.5336120539609,0.894171536432007,NA,65.5336120539609,65.5336120539609,0.894171536432007
"Fishing",2010.75551102204,65.3618594190423,0.894322670121251,NA,65.3618594190423,65.3618594190423,0.894322670121251
"Fishing",2010.78957915832,65.1915203043039,0.894594528366476,NA,65.1915203043039,65.1915203043039,0.894594528366476
"Fishing",2010.82364729459,65.0227064789344,0.894975613994176,NA,65.0227064789344,65.0227064789344,0.894975613994176
"Fishing",2010.85771543086,64.8555297121238,0.895452191408888,NA,64.8555297121238,64.8555297121238,0.895452191408888
"Fishing",2010.89178356713,64.6901017730608,0.896008475584843,NA,64.6901017730608,64.6901017730608,0.896008475584843
"Fishing",2010.92585170341,64.5265344309375,0.896626848057985,NA,64.5265344309375,64.5265344309375,0.896626848057985
"Fishing",2010.95991983968,64.3649394549427,0.897288098199462,NA,64.3649394549427,64.3649394549427,0.897288098199462
"Fishing",2010.99398797595,64.2054286142652,0.897971688104457,NA,64.2054286142652,64.2054286142652,0.897971688104457
"Fishing",2011.02805611222,64.0481079594386,0.898658366636851,NA,64.0481079594386,64.0481079594386,0.898658366636851
"Fishing",2011.0621242485,63.8930443294199,0.899344214200465,NA,63.8930443294199,63.8930443294199,0.899344214200465
"Fishing",2011.09619238477,63.7402881157722,0.900031777271674,NA,63.7402881157722,63.7402881157722,0.900031777271674
"Fishing",2011.13026052104,63.5898896537877,0.900723333124047,NA,63.5898896537877,63.5898896537877,0.900723333124047
"Fishing",2011.16432865731,63.4418992787618,0.901420720812287,NA,63.4418992787618,63.4418992787618,0.901420720812287
"Fishing",2011.19839679359,63.296367325987,0.902125212672033,NA,63.296367325987,63.296367325987,0.902125212672033
"Fishing",2011.23246492986,63.1533441307558,0.902837403534922,NA,63.1533441307558,63.1533441307558,0.902837403534922
"Fishing",2011.26653306613,63.0128800283633,0.903557117608473,NA,63.0128800283633,63.0128800283633,0.903557117608473
"Fishing",2011.3006012024,62.875025354102,0.904283332954651,NA,62.875025354102,62.875025354102,0.904283332954651
"Fishing",2011.33466933868,62.7398304432654,0.905014123476247,NA,62.7398304432654,62.7398304432654,0.905014123476247
"Fishing",2011.36873747495,62.607345631146,0.905746618287308,NA,62.607345631146,62.607345631146,0.905746618287308
"Fishing",2011.40280561122,62.4776212530388,0.906476978305855,NA,62.4776212530388,62.4776212530388,0.906476978305855
"Fishing",2011.43687374749,62.3507076442365,0.907200389867787,NA,62.3507076442365,62.3507076442365,0.907200389867787
"Fishing",2011.47094188377,62.2266551400315,0.907911075122672,NA,62.2266551400315,62.2266551400315,0.907911075122672
"Fishing",2011.50501002004,62.105514075719,0.908602318939972,NA,62.105514075719,62.105514075719,0.908602318939972
"Fishing",2011.53907815631,61.9873347865915,0.909266512030755,NA,61.9873347865915,61.9873347865915,0.909266512030755
"Fishing",2011.57314629259,61.8721676079423,0.909895209978446,NA,61.8721676079423,61.8721676079423,0.909895209978446
"Fishing",2011.60721442886,61.7600628750642,0.910479207876345,NA,61.7600628750642,61.7600628750642,0.910479207876345
"Fishing",2011.64128256513,61.6510709232521,0.911008630290991,NA,61.6510709232521,61.6510709232521,0.911008630290991
"Fishing",2011.6753507014,61.5452420877984,0.911473036311803,NA,61.5452420877984,61.5452420877984,0.911473036311803
"Fishing",2011.70941883768,61.442626703996,0.91186153950941,NA,61.442626703996,61.442626703996,0.91186153950941
"Fishing",2011.74348697395,61.3432751071397,0.91216294270894,NA,61.3432751071397,61.3432751071397,0.91216294270894
"Fishing",2011.77755511022,61.2472376325221,0.912365887590255,NA,61.2472376325221,61.2472376325221,0.912365887590255
"Fishing",2011.81162324649,61.1545646154366,0.912459019253743,NA,61.1545646154366,61.1545646154366,0.912459019253743
"Fishing",2011.84569138277,61.0653063911761,0.912431166037057,NA,61.0653063911761,61.0653063911761,0.912431166037057
"Fishing",2011.87975951904,60.9795132950351,0.912271535033073,NA,60.9795132950351,60.9795132950351,0.912271535033073
"Fishing",2011.91382765531,60.8972356623064,0.911969923938569,NA,60.8972356623064,60.8972356623064,0.911969923938569
"Fishing",2011.94789579158,60.8185238282829,0.911516950054583,NA,60.8185238282829,NA,NA
"Fishing",2011.98196392786,60.743428128259,0.910904297456125,NA,60.743428128259,60.743428128259,0.910904297456125
"Fishing",2012.01603206413,60.671996931634,0.910125531136294,NA,NA,NA,NA
"Fishing",2012.0501002004,60.6042264770714,0.909190221518091,NA,NA,NA,NA
"Fishing",2012.08416833667,60.5400567141719,0.908124622306347,NA,NA,NA,NA
"Fishing",2012.11823647295,60.4794247934433,0.906956230116761,NA,NA,NA,NA
"Fishing",2012.15230460922,60.4222678653917,0.905712632264417,NA,NA,NA,NA
"Fishing",2012.18637274549,60.3685230805241,0.904421155387952,NA,NA,NA,NA
"Fishing",2012.22044088176,60.3181275893467,0.903108530162268,NA,NA,NA,NA
"Fishing",2012.25450901804,60.2710185423671,0.901800572217686,NA,NA,NA,NA
"Fishing",2012.28857715431,60.2271330900916,0.900521879942003,NA,NA,NA,NA
"Fishing",2012.32264529058,60.1864083830268,0.89929555033445,NA,NA,NA,NA
"Fishing",2012.35671342685,60.1487815716798,0.898142914492218,NA,NA,NA,NA
"Fishing",2012.39078156313,60.1141898065572,0.897083294629695,NA,NA,NA,NA
"Fishing",2012.4248496994,60.0825702381658,0.89613378474682,NA,NA,NA,NA
"Fishing",2012.45891783567,60.053860017012,0.895309057166788,NA,NA,NA,NA
"Fishing",2012.49298597194,60.0279962936031,0.894621197153015,NA,NA,NA,NA
"Fishing",2012.52705410822,60.0049162184456,0.894079567689026,NA,NA,NA,NA
"Fishing",2012.56112224449,59.9845569420461,0.893690706271672,NA,NA,NA,NA
"Fishing",2012.59519038076,59.9668556149116,0.89345825523709,NA,NA,NA,NA
"Fishing",2012.62925851703,59.9517493875488,0.893382926729539,NA,NA,NA,NA
"Fishing",2012.66332665331,59.9391754104643,0.893462502956498,NA,NA,NA,NA
"Fishing",2012.69739478958,59.929070834165,0.893691871874471,NA,NA,NA,NA
"Fishing",2012.73146292585,59.9213728091576,0.894063097947422,NA,NA,NA,NA
"Fishing",2012.76553106212,59.9160184859488,0.894565527140208,NA,NA,NA,NA
"Fishing",2012.7995991984,59.9129450150455,0.895185924880027,NA,NA,NA,NA
"Fishing",2012.83366733467,59.9120895469543,0.895908645362785,NA,NA,NA,NA
"Fishing",2012.86773547094,59.913389232182,0.896715830317982,NA,NA,NA,NA
"Fishing",2012.90180360721,59.9167812212354,0.897587635188264,NA,NA,NA,NA
"Fishing",2012.93587174349,59.9222026646212,0.898502480637567,NA,NA,NA,NA
"Fishing",2012.96993987976,59.9295907128461,0.89943732737671,NA,NA,NA,NA
"Fishing",2013.00400801603,59.9388825106721,0.900367979433768,NA,NA,NA,NA
"Fishing",2013.0380761523,59.950010300305,0.90127536659346,NA,NA,NA,NA
"Fishing",2013.07214428858,59.9628924873538,0.902156972745719,NA,NA,NA,NA
"Fishing",2013.10621242485,59.9774450537967,0.903013309278038,NA,NA,NA,NA
"Fishing",2013.14028056112,59.9935839816121,0.903844856917996,NA,NA,NA,NA
"Fishing",2013.17434869739,60.0112252527784,0.90465192882,NA,NA,NA,NA
"Fishing",2013.20841683367,60.0302848492738,0.905434550192199,NA,NA,NA,NA
"Fishing",2013.24248496994,60.0506787530766,0.906192354290463,NA,NA,NA,NA
"Fishing",2013.27655310621,60.0723229461654,0.906924494617796,NA,NA,NA,NA
"Fishing",2013.31062124249,60.0951334105181,0.907629573174067,NA,NA,NA,NA
"Fishing",2013.34468937876,60.1190261281132,0.908305584602797,NA,NA,NA,NA
"Fishing",2013.37875751503,60.143917080929,0.908949876079339,NA,NA,NA,NA
"Fishing",2013.4128256513,60.169722250944,0.909559122780542,NA,NA,NA,NA
"Fishing",2013.44689378758,60.1963576201362,0.910129318770373,NA,NA,NA,NA
"Fishing",2013.48096192385,60.223739170484,0.910655783132408,NA,NA,NA,NA
"Fishing",2013.51503006012,60.251782883966,0.911133181179555,NA,NA,NA,NA
"Fishing",2013.54909819639,60.2804047425602,0.911555560577676,NA,NA,NA,NA
"Fishing",2013.58316633267,60.309520728245,0.911916402232837,NA,NA,NA,NA
"Fishing",2013.61723446894,60.3390468229987,0.91220868581639,NA,NA,NA,NA
"Fishing",2013.65130260521,60.3688990087999,0.912424969837052,NA,NA,NA,NA
"Fishing",2013.68537074148,60.3989932676265,0.912557486218379,NA,NA,NA,NA
"Fishing",2013.71943887776,60.4292455814569,0.912598249402195,NA,NA,NA,NA
"Fishing",2013.75350701403,60.4595719322695,0.912539180076194,NA,NA,NA,NA
"Fishing",2013.7875751503,60.4898883020429,0.912372243715373,NA,NA,NA,NA
"Fishing",2013.82164328657,60.5201106727549,0.91208960423262,NA,NA,NA,NA
"Fishing",2013.85571142285,60.5501550263841,0.911683793151574,NA,NA,NA,NA
"Fishing",2013.88977955912,60.579937344909,0.911147894843137,NA,NA,NA,NA
"Fishing",2013.92384769539,60.6093736103074,0.910475748502244,NA,NA,NA,NA
"Fishing",2013.95791583166,60.638379804558,0.909662167679065,NA,NA,NA,NA
"Fishing",2013.99198396794,60.6668719096389,0.908703178313802,NA,NA,NA,NA
"Fishing",2014.02605210421,60.6947714295645,0.907598580019722,NA,NA,NA,NA
"Fishing",2014.06012024048,60.7220456431837,0.906368702192845,NA,NA,NA,NA
"Fishing",2014.09418837675,60.7486844629059,0.90504394813183,NA,NA,NA,NA
"Fishing",2014.12825651303,60.774677962001,0.903654871124554,NA,NA,NA,NA
"Fishing",2014.1623246493,60.8000162137384,0.902231719146,NA,NA,NA,NA
"Fishing",2014.19639278557,60.8246892913878,0.900804062905179,NA,NA,NA,NA
"Fishing",2014.23046092184,60.848687268219,0.899400439851202,NA,NA,NA,NA
"Fishing",2014.26452905812,60.8720002175019,0.89804801512382,NA,NA,NA,NA
"Fishing",2014.29859719439,60.8946182125056,0.896772261034152,NA,NA,NA,NA
"Fishing",2014.33266533066,60.9165313265001,0.895596657165484,NA,NA,NA,NA
"Fishing",2014.36673346693,60.9377296327552,0.894542413573475,NA,NA,NA,NA
"Fishing",2014.40080160321,60.9582032045402,0.893628219824764,NA,NA,NA,NA
"Fishing",2014.43486973948,60.9779421151251,0.892870022729414,NA,NA,NA,NA
"Fishing",2014.46893787575,60.9969364377794,0.892280835591128,NA,NA,NA,NA
"Fishing",2014.50300601202,61.0151762457729,0.891870581617198,NA,NA,NA,NA
"Fishing",2014.5370741483,61.0326516123752,0.891645973807789,NA,NA,NA,NA
"Fishing",2014.57114228457,61.0493526108559,0.891610433194816,NA,NA,NA,NA
"Fishing",2014.60521042084,61.0652693144848,0.891764046749253,NA,NA,NA,NA
"Fishing",2014.63927855711,61.0803917965315,0.892103565650482,NA,NA,NA,NA
"Fishing",2014.67334669339,61.0947101302657,0.892622443947903,NA,NA,NA,NA
"Fishing",2014.70741482966,61.108214388957,0.893310916979492,NA,NA,NA,NA
"Fishing",2014.74148296593,61.1208946458752,0.894156118282744,NA,NA,NA,NA
"Fishing",2014.7755511022,61.1327409742899,0.895142233173856,NA,NA,NA,NA
"Fishing",2014.80961923848,61.1437434474708,0.896250686713039,NA,NA,NA,NA
"Fishing",2014.84368737475,61.1538921386874,0.897460363439231,NA,NA,NA,NA
"Fishing",2014.87775551102,61.1631771212097,0.898747856064733,NA,NA,NA,NA
"Fishing",2014.91182364729,61.1715884683071,0.900087740275567,NA,NA,NA,NA
"Fishing",2014.94589178357,61.1791162532494,0.901452872889393,NA,NA,NA,NA
"Fishing",2014.97995991984,61.1857505493063,0.902814710871342,NA,NA,NA,NA
"Fishing",2015.01402805611,61.1914820206808,0.904143955272351,NA,NA,NA,NA
"Fishing",2015.04809619238,61.1963227843572,0.905421832830361,NA,NA,NA,NA
"Fishing",2015.08216432866,61.2003119765906,0.906643811809151,NA,NA,NA,NA
"Fishing",2015.11623246493,61.2034904564746,0.907806742590506,NA,NA,NA,NA
"Fishing",2015.1503006012,61.2058990831026,0.908907848920001,NA,NA,NA,NA
"Fishing",2015.18436873747,61.2075787155679,0.909944616119042,NA,NA,NA,NA
"Fishing",2015.21843687375,61.208570212964,0.910914693639266,NA,NA,NA,NA
"Fishing",2015.25250501002,61.2089144343844,0.911815811718293,NA,NA,NA,NA
"Fishing",2015.28657314629,61.2086522389224,0.912645711911075,NA,NA,NA,NA
"Fishing",2015.32064128257,61.2078244856715,0.913402091289585,NA,NA,NA,NA
"Fishing",2015.35470941884,61.2064720337251,0.914082560126118,NA,NA,NA,NA
"Fishing",2015.38877755511,61.2046357421767,0.914684612898517,NA,NA,NA,NA
"Fishing",2015.42284569138,61.2023564701196,0.915205612481951,NA,NA,NA,NA
"Fishing",2015.45691382766,61.1996750766473,0.915642787419037,NA,NA,NA,NA
"Fishing",2015.49098196393,61.1966324208533,0.915993242190481,NA,NA,NA,NA
"Fishing",2015.5250501002,61.1932693618309,0.916253980440698,NA,NA,NA,NA
"Fishing",2015.55911823647,61.1896267586736,0.91642194114865,NA,NA,NA,NA
"Fishing",2015.59318637275,61.1857454704748,0.916494047773847,NA,NA,NA,NA
"Fishing",2015.62725450902,61.181666356328,0.916467270450122,NA,NA,NA,NA
"Fishing",2015.66132264529,61.1774302753265,0.916338701347488,NA,NA,NA,NA
"Fishing",2015.69539078156,61.1730780865637,0.916105643372995,NA,NA,NA,NA
"Fishing",2015.72945891784,61.1686506491333,0.915765712436299,NA,NA,NA,NA
"Fishing",2015.76352705411,61.1641888221285,0.915316953561731,NA,NA,NA,NA
"Fishing",2015.79759519038,61.1597334646427,0.914757971186494,NA,NA,NA,NA
"Fishing",2015.83166332665,61.1553254357695,0.914088074040073,NA,NA,NA,NA
"Fishing",2015.86573146293,61.1510055946021,0.913307435051306,NA,NA,NA,NA
"Fishing",2015.8997995992,61.1468148002343,0.912417266771213,NA,NA,NA,NA
"Fishing",2015.93386773547,61.142793911759,0.91142001282846,NA,NA,NA,NA
"Fishing",2015.96793587174,61.1389837882701,0.910319555939538,NA,NA,NA,NA
"Fishing",2016.00200400802,61.1354252881384,0.909121443986173,NA,NA,NA,NA
"Fishing",2016.03607214429,61.1321550597899,0.907838935000714,NA,NA,NA,NA
"Fishing",2016.07014028056,61.129195627241,0.906506081345047,NA,NA,NA,NA
"Fishing",2016.10420841683,61.1265665556997,0.905160926378333,NA,NA,NA,NA
"Fishing",2016.13827655311,61.124287410374,0.903840807420665,NA,NA,NA,NA
"Fishing",2016.17234468938,61.1223777564719,0.902581881618561,NA,NA,NA,NA
"Fishing",2016.20641282565,61.1208571592016,0.901418668911183,NA,NA,NA,NA
"Fishing",2016.24048096192,61.1197451837708,0.900383614683128,NA,NA,NA,NA
"Fishing",2016.2745490982,61.1190613953877,0.899506675554369,NA,NA,NA,NA
"Fishing",2016.30861723447,61.1188253592604,0.898814932442305,NA,NA,NA,NA
"Fishing",2016.34268537074,61.1190566405968,0.898332235495689,NA,NA,NA,NA
"Fishing",2016.37675350701,61.1197748046049,0.898078885718994,NA,NA,NA,NA
"Fishing",2016.41082164329,61.1209994164928,0.898071358056163,NA,NA,NA,NA
"Fishing",2016.44488977956,61.1227500414684,0.898322070380638,NA,NA,NA,NA
"Fishing",2016.47895791583,61.1250462447397,0.898839202252927,NA,NA,NA,NA
"Fishing",2016.5130260521,61.1279075915148,0.899626566485948,NA,NA,NA,NA
"Fishing",2016.54709418838,61.1313536470018,0.900683535544337,NA,NA,NA,NA
"Fishing",2016.58116232465,61.1354039764086,0.9020050236559,NA,NA,NA,NA
"Fishing",2016.61523046092,61.1400781449432,0.903581524297299,NA,NA,NA,NA
"Fishing",2016.64929859719,61.1453957178138,0.90539920150615,NA,NA,NA,NA
"Fishing",2016.68336673347,61.151376260228,0.90744003233763,NA,NA,NA,NA
"Fishing",2016.71743486974,61.1580393373942,0.909681996792305,NA,NA,NA,NA
"Fishing",2016.75150300601,61.1654045145204,0.912099310744347,NA,NA,NA,NA
"Fishing",2016.78557114228,61.1734913568145,0.914662696836389,NA,NA,NA,NA
"Fishing",2016.81963927856,61.1823194294843,0.917339687999208,NA,NA,NA,NA
"Fishing",2016.85370741483,61.1919082977383,0.920094958207021,NA,NA,NA,NA
"Fishing",2016.8877755511,61.202277526784,0.922890675281305,NA,NA,NA,NA
"Fishing",2016.92184368737,61.2134466818299,0.925686870986293,NA,NA,NA,NA
"Fishing",2016.95591182365,61.2254353280837,0.928441824285545,NA,NA,NA,NA
"Fishing",2016.98997995992,61.2382630307534,0.931112454415052,NA,NA,NA,NA
"Fishing",2017.02404809619,61.2519474172076,0.933656084359956,NA,NA,NA,NA
"Fishing",2017.05811623246,61.2664865154946,0.936043651406206,NA,NA,NA,NA
"Fishing",2017.09218436874,61.2818669733404,0.938255337873951,NA,NA,NA,NA
"Fishing",2017.12625250501,61.2980752982917,0.940273033863235,NA,NA,NA,NA
"Fishing",2017.16032064128,61.3150979978956,0.942080250678569,NA,NA,NA,NA
"Fishing",2017.19438877756,61.3329215796981,0.943662140783065,NA,NA,NA,NA
"Fishing",2017.22845691383,61.351532551246,0.945005528754429,NA,NA,NA,NA
"Fishing",2017.2625250501,61.3709174200863,0.946098954155969,NA,NA,NA,NA
"Fishing",2017.29659318637,61.3910626937654,0.946932727228771,NA,NA,NA,NA
"Fishing",2017.33066132265,61.4119548798299,0.947498998316418,NA,NA,NA,NA
"Fishing",2017.36472945892,61.4335804858266,0.947791841947623,NA,NA,NA,NA
"Fishing",2017.39879759519,61.4559260193022,0.947807356519908,NA,NA,NA,NA
"Fishing",2017.43286573146,61.4789779878031,0.947543780544433,NA,NA,NA,NA
"Fishing",2017.46693386774,61.5027228988762,0.947001626419801,NA,NA,NA,NA
"Fishing",2017.50100200401,61.5271472600682,0.94618383269463,NA,NA,NA,NA
"Fishing",2017.53507014028,61.5522375789254,0.945095935742509,NA,NA,NA,NA
"Fishing",2017.56913827655,61.5779803629947,0.943746261699212,NA,NA,NA,NA
"Fishing",2017.60320641283,61.6043621198228,0.942146139380882,NA,NA,NA,NA
"Fishing",2017.6372745491,61.6313693569564,0.940310134699671,NA,NA,NA,NA
"Fishing",2017.67134268537,61.6589885819419,0.938256306792802,NA,NA,NA,NA
"Fishing",2017.70541082164,61.6872063023262,0.936006485658836,NA,NA,NA,NA
"Fishing",2017.73947895792,61.716009025656,0.933586570518794,NA,NA,NA,NA
"Fishing",2017.77354709419,61.7453832594775,0.931026847355766,NA,NA,NA,NA
"Fishing",2017.80761523046,61.7753155113378,0.928362323096285,NA,NA,NA,NA
"Fishing",2017.84168336673,61.8057922887835,0.925633072645075,NA,NA,NA,NA
"Fishing",2017.87575150301,61.8368000993612,0.922884593431161,NA,NA,NA,NA
"Fishing",2017.90981963928,61.8683254506174,0.920168160247453,NA,NA,NA,NA
"Fishing",2017.94388777555,61.9003548500989,0.917541170950884,NA,NA,NA,NA
"Fishing",2017.97795591182,61.9328748053527,0.91506747105542,NA,NA,NA,NA
"Fishing",2018.0120240481,61.9658718058787,0.912817880985799,NA,NA,NA,NA
"Fishing",2018.04609218437,61.999331396855,0.910882285820502,NA,NA,NA,NA
"Fishing",2018.08016032064,62.0332377342521,0.909373258413513,NA,NA,NA,NA
"Fishing",2018.11422845691,62.0675748628411,0.908407035032647,NA,NA,NA,NA
"Fishing",2018.14829659319,62.102326827392,0.908100679036551,NA,NA,NA,NA
"Fishing",2018.18236472946,62.137477672676,0.908570611201955,NA,NA,NA,NA
"Fishing",2018.21643286573,62.1730114434635,0.909931018928336,NA,NA,NA,NA
"Fishing",2018.250501002,62.2089121845257,0.912292176898361,NA,NA,NA,NA
"Fishing",2018.28456913828,62.2451639406325,0.915758725011753,NA,NA,NA,NA
"Fishing",2018.31863727455,62.281750756555,0.920427961027627,NA,NA,NA,NA
"Fishing",2018.35270541082,62.3186566770643,0.926388213703093,NA,NA,NA,NA
"Fishing",2018.38677354709,62.3558657469299,0.933717365792377,NA,NA,NA,NA
"Fishing",2018.42084168337,62.3933620109238,0.942481593965025,NA,NA,NA,NA
"Fishing",2018.45490981964,62.4311295138157,0.952734384115533,NA,NA,NA,NA
"Fishing",2018.48897795591,62.4691523003771,0.964515866156638,NA,NA,NA,NA
"Fishing",2018.52304609218,62.5074144153779,0.977852493574591,NA,NA,NA,NA
"Fishing",2018.55711422846,62.5458999035894,0.992757071856986,NA,NA,NA,NA
"Fishing",2018.59118236473,62.584592809782,1.00922911878651,NA,NA,NA,NA
"Fishing",2018.625250501,62.6234771787263,1.02725552089051,NA,NA,NA,NA
"Fishing",2018.65931863727,62.662537055193,1.04681143590372,NA,NA,NA,NA
"Fishing",2018.69338677355,62.701756483953,1.06786138207128,NA,NA,NA,NA
"Fishing",2018.72745490982,62.7411195097771,1.09036045177397,NA,NA,NA,NA
"Fishing",2018.76152304609,62.7806101774354,1.11425558880118,NA,NA,NA,NA
"Fishing",2018.79559118236,62.820212531699,1.13948687459337,NA,NA,NA,NA
"Fishing",2018.82965931864,62.8599106173386,1.16598877756809,NA,NA,NA,NA
"Fishing",2018.86372745491,62.8996884791248,1.19369132987673,NA,NA,NA,NA
"Fishing",2018.89779559118,62.9395301618281,1.22252120638602,NA,NA,NA,NA
"Fishing",2018.93186372745,62.9794197102194,1.25240269040749,NA,NA,NA,NA
"Fishing",2018.96593186373,63.0193411690696,1.28325851911812,NA,NA,NA,NA
"Fishing",2019,63.0592785831488,1.31501060839589,NA,NA,NA,NA
